Lead_id,Date,Channel,Campaign,Region,Product,Customer_type,Ad_spend,Impressions,Clicks,Leads,Orders,Revenue,Cogs,Date_of_Month,Revenue_per_orders,Cost_per_unit,Profit
L10001,2026-05-09,Google Ads,G_Search,Tanta,Laptop,Returning,798.49,54056,258.0,89.0,25,609052.27,401531.4,2026-05,24362.09,16061.26,207520.87
L10002,2026-03-02,Email Marketing,Email_Retention,Mansoura,Smartphone,New,980.34,68851,976.0,321.0,9,110155.04,72084.93,2026-03,12239.45,8009.44,38070.11
L10003,2026-06-20,Instagram Ads,Ig_Retargeting,Alexandria,Tablet,New,1122.05,86502,1631.0,247.0,28,261631.52,148642.37,2026-06,9343.98,5308.66,112989.15
L10004,2026-04-14,Instagram Ads,Ig_Products,Other,Accessories,New,1576.64,86418,571.0,480.0,117,116746.25,78070.61,2026-04,997.83,667.27,38675.64
L10005,2026-02-11,Facebook Ads,Fb_Retargeting,Giza,Smart Watch,New,684.33,75211,140.0,381.0,79,296223.82,198486.06,2026-02,3749.67,2512.48,97737.76000000001
L10006,2026-01-25,Facebook Ads,Fb_Summer,Giza,Smartphone,Returning,463.14,46850,1157.0,413.0,35,554743.9,323669.65,2026-01,15849.83,9247.7,231074.25
L10007,2026-02-08,Facebook Ads,Fb_Retargeting,Cairo,Tablet,New,1191.28,83545,2975.0,495.0,83,689654.21,425339.25,2026-02,8309.09,5124.57,264314.95999999996
L10008,2026-02-04,Tiktok Ads,Tt_Reach,Other,Smart Watch,New,263.41,32843,4240.0,191.0,108,458003.48,265147.68,2026-02,4240.77,2455.07,192855.8
L10009,2026-05-11,Instagram Ads,Ig_Products,Cairo,Headphones,New,450.88,67320,2703.5,34.0,117,160272.83,91634.55,2026-05,1369.85,783.2,68638.27999999998
L10010,2026-04-18,Instagram Ads,Ig_Products,Cairo,Smart Watch,Returning,609.13,34793,665.0,165.0,36,119835.35,62935.03,2026-04,3328.76,1748.2,56900.32000000001
L10011,2026-06-21,Facebook Ads,Fb_Retargeting,Cairo,Laptop,New,1503.06,44516,4040.0,14.0,85,2353652.05,1358156.91,2026-06,27690.02,15978.32,995495.1399999999
L10012,2026-06-28,Email Marketing,Email_Retention,Mansoura,Laptop,Returning,458.34,22857,3850.0,129.0,70,2123993.5,1339802.33,2026-06,30342.76,19140.03,784191.1699999999
L10013,2026-04-12,Tiktok Ads,Tt_Conversions,Cairo,Headphones,New,864.6,24627,614.0,286.0,22,38345.09,19951.73,2026-04,1742.96,906.9,18393.359999999997
L10014,2026-04-08,Facebook Ads,Fb_Summer,Cairo,Smartphone,New,608.5,66822,3542.0,27.0,40,462207.05,266528.84,2026-04,11555.18,6663.22,195678.20999999996
L10015,2026-01-12,Facebook Ads,Fb_Retargeting,Cairo,Tablet,New,329.92,89101,4091.0,440.0,103,692096.77,481894.57,2026-01,6719.39,4678.59,210202.2
L10016,2026-01-19,Facebook Ads,Fb_Retargeting,Cairo,Smart Watch,New,856.34,57248,3478.0,207.0,92,403967.7,258026.17,2026-01,4390.95,2804.63,145941.53
L10017,2026-04-11,Google Ads,G_Search,Giza,Laptop,Returning,563.68,60798,2235.0,66.0,79,1798398.73,1153803.29,2026-04,22764.54,14605.1,644595.44
L10018,2026-02-13,Google Ads,G_Brand,Mansoura,Smartphone,New,494.22,49116,1084.0,102.0,101,1365032.9,819938.22,2026-02,13515.18,8118.2,545094.6799999999
L10019,2026-02-18,Google Ads,G_Search,Alexandria,Headphones,New,299.87,80318,2579.0,28.0,27,37081.3,24299.17,2026-02,1373.38,899.97,12782.130000000005
L10020,2026-01-17,Facebook Ads,Fb_Retargeting,Giza,Accessories,New,687.06,33557,406.0,393.0,47,34748.17,19389.01,2026-01,739.32,412.53,15359.16
L10021,2026-03-15,Instagram Ads,Ig_Products,Mansoura,Laptop,New,1331.23,76334,4783.0,362.0,37,1039021.94,710430.59,2026-03,28081.67,19200.83,328591.35
L10022,2026-02-26,Facebook Ads,Fb_Newcustomers,Cairo,Headphones,New,470.36,80163,2786.0,202.0,30,53525.53,29082.44,2026-02,1784.18,969.41,24443.09
L10023,2026-02-24,Facebook Ads,Fb_Summer,Alexandria,Smart Watch,New,346.97,83002,81.0,246.0,13,47475.48,30916.05,2026-02,3651.96,2378.16,16559.430000000004
L10024,2026-02-16,Google Ads,G_Shopping,Other,Tablet,Returning,237.04,47614,1113.0,396.0,116,813906.93,478764.36,2026-02,7016.44,4127.28,335142.57000000007
L10025,2026-01-12,Google Ads,G_Brand,Giza,Laptop,New,222.34,17720,2561.0,435.0,96,2831208.96,1895501.74,2026-01,29491.76,19744.81,935707.22
L10026,2026-03-03,Tiktok Ads,Tt_Conversions,Cairo,Laptop,New,616.84,62608,204.0,286.0,72,1694923.54,1067722.02,2026-03,23540.6,14829.47,627201.52
L10027,2026-03-21,Facebook Ads,Fb_Newcustomers,Giza,Smart Watch,Returning,690.65,77095,1184.0,236.0,90,355210.18,216845.37,2026-03,3946.78,2409.39,138364.81
L10028,2026-03-24,Google Ads,G_Brand,Alexandria,Accessories,New,806.09,89694,2779.0,242.0,87,89995.36,49847.03,2026-03,1034.43,572.95,40148.33
L10029,2026-01-08,Instagram Ads,Ig_Products,Giza,Smartphone,Returning,631.67,40892,1941.0,49.0,76,883526.69,571963.63,2026-01,11625.35,7525.84,311563.05999999994
L10030,2026-05-29,Facebook Ads,Fb_Summer,Cairo,Tablet,New,726.09,82242,3000.0,332.0,89,816495.51,583756.71,2026-05,9174.11,6559.06,232738.80000000005
L10031,2026-03-22,Instagram Ads,Ig_Retargeting,Cairo,Laptop,Returning,1322.98,82606,208.0,162.0,28,649582.03,445042.09,2026-03,23199.36,15894.36,204539.94
L10032,2026-04-28,Facebook Ads,Fb_Summer,Cairo,Tablet,New,1190.25,5924,517.0,136.0,50,403157.18,214480.28,2026-04,8063.14,4289.61,188676.9
L10033,2026-01-25,Facebook Ads,Fb_Summer,Other,Laptop,Returning,1160.95,56322,4926.0,246.0,48,1206511.29,718170.87,2026-01,25135.65,14961.89,488340.42000000004
L10034,2026-03-30,Email Marketing,Email_Newoffers,Mansoura,Tablet,Returning,1074.67,31478,2628.0,495.0,42,388317.83,273809.35,2026-03,9245.66,6519.27,114508.48000000004
L10035,2026-01-12,Email Marketing,Email_Promo,Cairo,Headphones,New,912.74,76042,3209.0,64.0,91,138532.16,85974.27,2026-01,1522.33,944.77,52557.89
L10036,2026-05-23,Tiktok Ads,Tt_Products,Cairo,Laptop,Returning,259.43,51418,1301.0,477.0,91,2307904.56,1505728.55,2026-05,25361.59,16546.47,802176.01
L10037,2026-02-28,Google Ads,G_Brand,Mansoura,Tablet,New,588.66,67217,981.0,445.0,71,660229.63,463824.43,2026-02,9299.01,6532.74,196405.2
L10038,2026-06-03,Facebook Ads,Fb_Newcustomers,Cairo,Smartphone,New,760.07,85846,3248.0,181.0,86,1169392.5,812445.89,2026-06,13597.59,9447.05,356946.61
L10039,2026-04-19,Instagram Ads,Ig_Retargeting,Cairo,Headphones,New,404.61,78762,4566.0,118.0,92,153332.44,95121.94,2026-04,1666.66,1033.93,58210.5
L10040,2026-01-26,Google Ads,G_Shopping,Other,Headphones,New,1433.78,16781,3998.0,363.0,4,6049.6,3675.31,2026-01,1512.4,918.83,2374.2900000000004
L10041,2026-02-16,Facebook Ads,Fb_Retargeting,Cairo,Smartphone,New,553.55,10515,1147.0,478.0,41,591811.22,347948.61,2026-02,14434.42,8486.55,243862.61
L10042,2026-02-01,Google Ads,G_Brand,Mansoura,Tablet,New,243.66,41133,106.0,193.0,6,38506.56,25560.8,2026-02,6417.76,4260.13,12945.759999999998
L10043,2026-01-10,Facebook Ads,Fb_Retargeting,Other,Smart Watch,New,535.88,87508,627.0,448.0,41,132134.13,76293.9,2026-01,3222.78,1860.83,55840.23000000001
L10044,2026-01-16,Email Marketing,Email_Retention,Alexandria,Smartphone,Returning,815.78,81946,2748.0,377.0,35,487086.07,277628.11,2026-01,13916.74,7932.23,209457.96000000002
L10045,2026-05-25,Facebook Ads,Fb_Summer,Cairo,Tablet,Returning,404.65,14095,646.0,480.0,104,768714.11,454502.2,2026-05,7391.48,4370.21,314211.91
L10046,2026-05-31,Instagram Ads,Ig_Retargeting,Cairo,Smartphone,New,612.61,25470,783.0,207.0,26,408540.1,226920.74,2026-05,15713.08,8727.72,181619.36
L10047,2026-01-26,Google Ads,G_Shopping,Tanta,Smartphone,New,246.88,48129,4360.0,380.0,57,881145.49,580695.99,2026-01,15458.69,10187.65,300449.5
L10048,2026-03-27,Google Ads,G_Brand,Other,Laptop,New,519.96,13531,3220.0,382.0,45,1282239.9,824798.42,2026-03,28494.22,18328.85,457441.47999999986
L10049,2026-05-15,Google Ads,G_Brand,Tanta,Tablet,New,665.46,42038,2703.5,470.0,65,572583.9,353041.32,2026-05,8808.98,5431.4,219542.58000000002
L10050,2026-01-14,Facebook Ads,Fb_Newcustomers,Cairo,Smart Watch,New,630.55,47674,4774.0,96.0,24,99143.47,59294.25,2026-01,4130.98,2470.59,39849.22
L10051,2026-03-20,Email Marketing,Email_Newoffers,Tanta,Laptop,New,979.29,87476,885.0,210.0,72,1629193.07,1143388.08,2026-03,22627.68,15880.39,485804.99
L10052,2026-04-27,Tiktok Ads,Tt_Products,Other,Smartphone,New,378.17,34831,3871.0,346.0,116,1712175.38,900304.2,2026-04,14760.13,7761.24,811871.1799999999
L10053,2026-01-07,Email Marketing,Email_Newoffers,Giza,Accessories,Returning,791.7,62174,1437.0,331.0,26,20342.11,13706.95,2026-01,782.39,527.19,6635.16
L10054,2026-05-17,Email Marketing,Email_Retention,Other,Smartphone,New,875.75,16279,3305.0,284.0,0,0.0,0.0,2026-05,,,0.0
L10055,2026-04-25,Instagram Ads,Ig_Influencers,Tanta,Smartphone,New,447.31,43220,3698.0,220.0,86,1292804.77,787668.35,2026-04,15032.61,9158.93,505136.42000000004
L10056,2026-06-25,Email Marketing,Email_Newoffers,Mansoura,Tablet,New,403.13,65610,2206.0,400.0,73,581894.95,366674.18,2026-06,7971.16,5022.93,215220.76999999996
L10057,2026-03-13,Facebook Ads,Fb_Summer,Giza,Tablet,New,1439.35,57719,2540.0,127.0,41,366266.27,259643.5,2026-03,8933.32,6332.77,106622.77000000002
L10058,2026-02-28,Facebook Ads,Fb_Retargeting,Alexandria,Laptop,New,561.66,58051,625.0,200.0,51,1198501.39,674103.7,2026-02,23500.03,13217.72,524397.69
L10059,2026-03-23,Facebook Ads,Fb_Retargeting,Cairo,Smart Watch,Returning,810.8,77013,2808.0,51.0,24,97042.42,60557.09,2026-03,4043.43,2523.21,36485.33
L10060,2026-04-26,Google Ads,G_Shopping,Giza,Laptop,New,828.59,61652,3814.0,51.0,53,1177173.19,723895.86,2026-04,22210.81,13658.41,453277.32999999996
L10061,2026-06-16,Google Ads,G_Brand,Alexandria,Headphones,New,285.42,70524,2642.0,324.0,66,115838.48,66222.37,2026-06,1755.13,1003.37,49616.11
L10062,2026-05-26,Facebook Ads,Fb_Newcustomers,Other,Smartphone,Returning,733.87,87936,2159.0,285.0,5,73724.3,50406.68,2026-05,14744.86,10081.34,23317.620000000003
L10063,2026-04-13,Tiktok Ads,Tt_Products,Other,Accessories,Returning,714.64,11470,2721.0,338.0,57,51698.4,36184.75,2026-04,906.99,634.82,15513.650000000001
L10064,2026-01-17,Google Ads,G_Search,Mansoura,Smartphone,Returning,1443.37,72598,3194.0,26.0,69,843602.62,570601.44,2026-01,12226.12,8269.59,273001.18000000005
L10065,2026-01-14,Facebook Ads,Fb_Newcustomers,Cairo,Smartphone,New,714.45,46798,2006.0,292.0,52,573771.33,320779.37,2026-01,11034.06,6168.83,252991.95999999996
L10066,2026-06-08,Google Ads,G_Search,Alexandria,Laptop,Returning,961.0,58473,696.0,440.0,65,1466822.67,788196.76,2026-06,22566.5,12126.1,678625.9099999999
L10067,2026-06-01,Facebook Ads,Fb_Retargeting,Cairo,Accessories,New,980.56,24880,3724.0,267.0,57,52406.7,33597.35,2026-06,919.42,589.43,18809.35
L10068,2026-04-18,Tiktok Ads,Tt_Products,Mansoura,Accessories,New,571.36,49439,1283.0,72.0,81,82878.77,44043.35,2026-04,1023.19,543.75,38835.420000000006
L10069,2026-02-14,Facebook Ads,Fb_Summer,Tanta,Accessories,New,1707.4,19308,1839.0,71.0,86,67180.85,43974.25,2026-02,781.17,511.33,23206.600000000006
L10070,2026-04-08,Email Marketing,Email_Promo,Other,Laptop,New,433.62,40081,2645.0,109.0,1,28706.89,17972.95,2026-04,28706.89,17972.95,10733.939999999999
L10071,2026-05-11,Tiktok Ads,Tt_Products,Alexandria,Smartphone,New,245.11,80242,3254.0,28.0,75,1145417.94,747450.66,2026-05,15272.24,9966.01,397967.2799999999
L10072,2026-02-06,Facebook Ads,Fb_Retargeting,Other,Laptop,New,177.65,55383,3161.0,26.0,21,557986.79,356014.63,2026-02,26570.8,16953.08,201972.16000000003
L10073,2026-06-20,Facebook Ads,Fb_Retargeting,Other,Tablet,Returning,508.27,14837,2710.0,334.0,36,301178.37,182074.53,2026-06,8366.07,5057.63,119103.84
L10074,2026-06-17,Tiktok Ads,Tt_Conversions,Alexandria,Tablet,Returning,218.02,57151,3241.0,432.0,19,167193.74,93657.83,2026-06,8799.67,4929.36,73535.90999999999
L10075,2026-04-18,Instagram Ads,Ig_Products,Other,Laptop,Returning,449.49,41824,4401.0,475.0,102,2445473.94,1421163.77,2026-04,23975.23,13932.98,1024310.1699999999
L10076,2026-02-08,Instagram Ads,Ig_Products,Alexandria,Accessories,New,661.41,38073,749.0,382.0,23,18658.01,11659.39,2026-02,811.22,506.93,6998.619999999999
L10077,2026-01-15,Tiktok Ads,Tt_Reach,Alexandria,Smartphone,Returning,750.75,31299,3248.0,255.0,111,1207478.5,785312.16,2026-01,10878.18,7074.88,422166.33999999997
L10078,2026-04-30,Facebook Ads,Fb_Retargeting,Mansoura,Laptop,New,538.66,63861,2201.0,260.0,83,2571494.71,1738064.54,2026-04,30981.86,20940.54,833430.1699999999
L10079,2026-01-04,Google Ads,G_Shopping,Alexandria,Laptop,Returning,447.14,35063,4158.0,464.0,64,1953760.66,1315729.14,2026-01,30527.51,20558.27,638031.52
L10080,2026-04-03,Facebook Ads,Fb_Newcustomers,Giza,Laptop,New,504.43,74453,4231.0,90.0,64,1856100.38,1326253.79,2026-04,29001.57,20722.72,529846.5899999999
L10081,2026-06-02,Tiktok Ads,Tt_Reach,Giza,Headphones,Returning,865.28,73472,799.0,48.0,80,111985.43,64634.44,2026-06,1399.82,807.93,47350.98999999999
L10082,2026-05-21,Instagram Ads,Ig_Products,Giza,Tablet,New,362.78,19506,2680.0,45.0,0,0.0,0.0,2026-05,,,0.0
L10083,2026-06-10,Google Ads,G_Shopping,Alexandria,Accessories,Returning,448.44,84854,3678.0,433.0,116,86579.96,51006.97,2026-06,746.38,439.72,35572.990000000005
L10084,2026-01-16,Facebook Ads,Fb_Newcustomers,Giza,Smart Watch,Returning,780.39,31026,4749.0,438.0,115,364941.32,244021.26,2026-01,3173.4,2121.92,120920.06
L10085,2026-06-19,Google Ads,G_Brand,Giza,Accessories,New,694.93,32672,746.0,397.0,108,99077.13,60201.48,2026-06,917.38,557.42,38875.65
L10086,2026-04-18,Google Ads,G_Shopping,Giza,Smart Watch,New,237.29,43417,363.0,495.0,93,424304.99,290036.94,2026-04,4562.42,3118.68,134268.05
L10087,2026-05-06,Instagram Ads,Ig_Retargeting,Alexandria,Headphones,Returning,1091.59,57413,3983.0,418.0,104,199555.91,125693.34,2026-05,1918.81,1208.59,73862.57
L10088,2026-02-24,Instagram Ads,Ig_Influencers,Cairo,Laptop,New,511.83,70066,3645.0,206.0,110,3115764.22,2199599.75,2026-02,28325.13,19996.36,916164.4700000002
L10089,2026-06-19,Email Marketing,Email_Promo,Giza,Headphones,Returning,338.66,64213,2314.0,167.0,2,2821.77,2002.25,2026-06,1410.88,1001.12,819.52
L10090,2026-02-03,Google Ads,G_Brand,Cairo,Headphones,New,292.79,55971,4673.0,213.0,45,68522.55,36581.51,2026-02,1522.72,812.92,31941.04
L10091,2026-06-07,Facebook Ads,Fb_Retargeting,Mansoura,Smartphone,New,1099.28,32281,1545.0,205.0,54,674961.55,412592.31,2026-06,12499.29,7640.6,262369.24000000005
L10092,2026-01-13,Instagram Ads,Ig_Products,Mansoura,Tablet,New,163.02,33091,2703.5,225.0,74,639757.49,410684.52,2026-01,8645.37,5549.79,229072.96999999997
L10093,2026-05-21,Tiktok Ads,Tt_Reach,Giza,Smart Watch,New,814.68,55494,4814.0,294.0,87,376649.65,215132.68,2026-05,4329.31,2472.79,161516.97000000003
L10094,2026-01-18,Instagram Ads,Ig_Retargeting,Giza,Laptop,Returning,997.1,23610,2140.0,466.0,85,2143396.85,1289071.78,2026-01,25216.43,15165.55,854325.0700000001
L10095,2026-06-09,Tiktok Ads,Tt_Conversions,Other,Smart Watch,New,534.68,6079,3752.0,205.0,63,237150.24,155460.59,2026-06,3764.29,2467.63,81689.65
L10096,2026-04-06,Google Ads,G_Shopping,Tanta,Accessories,New,1374.22,51751,2574.0,316.0,107,77821.02,43995.87,2026-04,727.3,411.18,33825.15
L10097,2026-05-03,Google Ads,G_Brand,Other,Smart Watch,New,374.72,60432,1072.0,161.0,44,157301.36,100735.2,2026-05,3575.03,2289.44,56566.15999999999
L10098,2026-02-08,Google Ads,G_Brand,Tanta,Accessories,New,862.02,35951,2201.0,23.0,25,21563.81,14221.11,2026-02,862.55,568.84,7342.700000000001
L10099,2026-02-15,Facebook Ads,Fb_Summer,Cairo,Tablet,Returning,699.4,85863,2664.0,334.0,76,510949.87,274941.75,2026-02,6723.02,3617.65,236008.12
L10100,2026-01-29,Facebook Ads,Fb_Retargeting,Cairo,Accessories,Returning,1462.45,83291,4276.0,155.0,64,55245.53,34224.93,2026-01,863.21,534.76,21020.6
L10101,2026-03-03,Facebook Ads,Fb_Summer,Giza,Smart Watch,New,567.8,64872,2303.0,435.0,23,101295.87,58003.64,2026-03,4404.17,2521.9,43292.229999999996
L10102,2026-01-16,Instagram Ads,Ig_Products,Cairo,Smart Watch,Returning,817.58,12235,4602.0,66.0,73,292331.56,194364.61,2026-01,4004.54,2662.53,97966.95000000001
L10103,2026-05-01,Google Ads,G_Search,Giza,Accessories,Returning,697.12,87733,3268.0,220.0,34,25117.3,14013.22,2026-05,738.74,412.15,11104.08
L10104,2026-01-10,Google Ads,G_Search,Alexandria,Headphones,New,261.15,67712,3317.0,277.0,23,33827.32,23626.61,2026-01,1470.75,1027.24,10200.71
L10105,2026-06-07,Email Marketing,Email_Retention,Giza,Tablet,Returning,610.92,26473,4216.0,219.0,27,210242.77,127446.7,2026-06,7786.77,4720.25,82796.06999999999
L10106,2026-06-02,Facebook Ads,Fb_Summer,Mansoura,Smartphone,New,476.0,72567,4604.0,26.0,99,1258245.18,704114.77,2026-06,12709.55,7112.27,554130.4099999999
L10107,2026-04-13,Google Ads,G_Shopping,Mansoura,Laptop,New,699.56,84823,423.0,295.0,79,1971310.86,1197777.07,2026-04,24953.3,15161.74,773533.79
L10108,2026-03-25,Tiktok Ads,Tt_Conversions,Giza,Smart Watch,Returning,825.58,37230,4541.0,353.0,103,404586.38,243459.35,2026-03,3928.02,2363.68,161127.03
L10109,2026-05-13,Facebook Ads,Fb_Newcustomers,Tanta,Laptop,New,1238.87,89573,4784.0,212.0,15,408065.24,247199.31,2026-05,27204.35,16479.95,160865.93
L10110,2026-03-06,Facebook Ads,Fb_Retargeting,Alexandria,Smartphone,Returning,138.53,73876,4903.0,108.0,58,865306.2,551297.19,2026-03,14919.07,9505.12,314009.01
L10111,2026-06-26,Facebook Ads,Fb_Newcustomers,Other,Laptop,Returning,660.15,45644,2356.0,288.0,80,1982091.32,1237290.27,2026-06,24776.14,15466.13,744801.05
L10112,2026-01-03,Facebook Ads,Fb_Retargeting,Cairo,Smartphone,New,306.26,53664,3281.0,218.0,114,1705752.52,938087.85,2026-01,14962.74,8228.84,767664.67
L10113,2026-06-22,Email Marketing,Email_Retention,Other,Accessories,Returning,867.84,50203,968.0,138.0,53,43729.68,23312.98,2026-06,825.09,439.87,20416.7
L10114,2026-05-22,Tiktok Ads,Tt_Conversions,Mansoura,Headphones,New,1758.44,71677,2123.0,344.0,78,108023.98,71931.34,2026-05,1384.92,922.2,36092.64
L10115,2026-04-30,Instagram Ads,Ig_Influencers,Alexandria,Smart Watch,New,550.91,30425,1421.0,297.0,15,59469.84,37581.58,2026-04,3964.66,2505.44,21888.259999999995
L10116,2026-06-07,Email Marketing,Email_Newoffers,Cairo,Smartphone,Returning,423.58,89817,3800.0,261.0,14,194020.46,114821.34,2026-06,13858.6,8201.52,79199.12
L10117,2026-03-09,Tiktok Ads,Tt_Reach,Giza,Laptop,Returning,510.07,74806,2963.0,274.0,97,2977612.78,2029753.96,2026-03,30697.04,20925.3,947858.8199999998
L10118,2026-05-26,Facebook Ads,Fb_Retargeting,Cairo,Smart Watch,New,308.9,47814,4292.0,280.0,10,42173.1,25203.14,2026-05,4217.31,2520.31,16969.96
L10119,2026-02-06,Email Marketing,Email_Newoffers,Cairo,Headphones,New,99.73,75219,2495.0,421.0,64,123404.59,83815.54,2026-02,1928.2,1309.62,39589.05
L10120,2026-06-02,Google Ads,G_Brand,Giza,Accessories,Returning,753.57,54646,1197.0,417.0,78,79132.98,45988.23,2026-06,1014.53,589.59,33144.74999999999
L10121,2026-06-25,Tiktok Ads,Tt_Products,Giza,Smart Watch,Returning,644.37,44884,4343.0,197.0,89,359446.43,192148.94,2026-06,4038.72,2158.98,167297.49
L10122,2026-06-30,Email Marketing,Email_Promo,Mansoura,Smartphone,Returning,429.88,74322,3081.0,428.0,114,1545086.74,1091646.95,2026-06,13553.39,9575.85,453439.79000000004
L10123,2026-03-14,Google Ads,G_Brand,Other,Headphones,New,349.64,26650,1818.0,223.0,67,113979.58,68263.54,2026-03,1701.19,1018.86,45716.04000000001
L10124,2026-05-23,Facebook Ads,Fb_Retargeting,Giza,Laptop,New,993.13,14190,1444.0,292.0,42,1307621.69,887271.68,2026-05,31133.85,21125.52,420350.0099999999
L10125,2026-02-18,Facebook Ads,Fb_Retargeting,Giza,Headphones,New,1188.58,43196,2788.0,220.0,68,124922.5,71933.98,2026-02,1837.1,1057.85,52988.520000000004
L10126,2026-05-01,Google Ads,G_Brand,Cairo,Headphones,Returning,706.56,44449,4870.0,374.0,98,138860.86,90158.61,2026-05,1416.95,919.99,48702.249999999985
L10127,2026-03-29,Tiktok Ads,Tt_Products,Mansoura,Tablet,New,170.52,44661,1004.0,85.0,12,104289.89,72446.24,2026-03,8690.82,6037.19,31843.649999999994
L10128,2026-05-20,Tiktok Ads,Tt_Conversions,Alexandria,Headphones,New,597.66,34709,231.0,157.0,9,13116.95,6930.06,2026-05,1457.44,770.01,6186.89
L10129,2026-02-06,Facebook Ads,Fb_Retargeting,Other,Headphones,Returning,781.84,85428,665.0,330.0,74,120755.48,82853.61,2026-02,1631.83,1119.64,37901.869999999995
L10130,2026-03-02,Google Ads,G_Search,Tanta,Smart Watch,New,562.64,80179,992.0,222.0,81,280209.43,177727.48,2026-03,3459.38,2194.17,102481.94999999998
L10131,2026-06-20,Google Ads,G_Shopping,Giza,Laptop,Returning,598.4,14943,2401.0,442.0,97,2740598.33,1758078.35,2026-06,28253.59,18124.52,982519.98
L10132,2026-05-04,Facebook Ads,Fb_Retargeting,Cairo,Smart Watch,Returning,447.41,48240,575.0,118.0,102,452843.82,282860.56,2026-05,4439.65,2773.14,169983.26
L10133,2026-02-08,Facebook Ads,Fb_Newcustomers,Tanta,Smart Watch,Returning,569.46,50760,3875.0,138.0,40,143073.28,99420.91,2026-02,3576.83,2485.52,43652.369999999995
L10134,2026-03-04,Google Ads,G_Shopping,Tanta,Smartphone,New,1040.23,26042,2228.0,19.0,105,1185576.47,626798.48,2026-03,11291.2,5969.51,558777.99
L10135,2026-02-15,Email Marketing,Email_Promo,Cairo,Smart Watch,New,728.24,48894,636.0,244.0,49,175850.46,100622.63,2026-02,3588.78,2053.52,75227.82999999999
L10136,2026-03-29,Google Ads,G_Shopping,Alexandria,Tablet,Returning,485.26,11869,1632.0,388.0,86,720273.78,500700.12,2026-03,8375.28,5822.09,219573.66000000003
L10137,2026-01-11,Google Ads,G_Brand,Tanta,Tablet,Returning,563.52,66078,2200.0,324.0,70,514714.3,345100.05,2026-01,7353.06,4930.0,169614.25
L10138,2026-03-03,Instagram Ads,Ig_Influencers,Cairo,Smartphone,Returning,1241.22,61759,3165.0,105.0,58,712612.32,373073.24,2026-03,12286.42,6432.3,339539.07999999996
L10139,2026-03-18,Google Ads,G_Shopping,Other,Accessories,New,353.83,49306,3584.0,455.0,38,29405.34,18331.33,2026-03,773.82,482.4,11074.009999999998
L10140,2026-06-02,Email Marketing,Email_Newoffers,Alexandria,Laptop,Returning,449.94,60371,236.0,112.0,2,52675.45,32970.33,2026-06,26337.72,16485.16,19705.119999999995
L10141,2026-02-21,Email Marketing,Email_Promo,Cairo,Laptop,Returning,643.165,25918,814.0,389.0,75,1809569.22,1086060.79,2026-02,24127.59,14480.81,723508.4299999999
L10142,2026-01-04,Facebook Ads,Fb_Summer,Tanta,Smart Watch,Returning,469.19,33379,4734.0,351.0,6,25347.51,14688.34,2026-01,4224.58,2448.06,10659.169999999998
L10143,2026-02-28,Google Ads,G_Shopping,Alexandria,Smart Watch,Returning,1211.64,88232,3356.0,155.0,48,156606.48,102787.88,2026-02,3262.64,2141.41,53818.600000000006
L10144,2026-03-13,Google Ads,G_Shopping,Giza,Accessories,Returning,1053.03,7962,234.0,377.0,25,23332.27,13102.43,2026-03,933.29,524.1,10229.84
L10145,2026-05-28,Facebook Ads,Fb_Retargeting,Cairo,Smart Watch,New,590.57,18851,1076.0,439.0,32,111974.82,76119.33,2026-05,3499.21,2378.73,35855.490000000005
L10146,2026-04-03,Facebook Ads,Fb_Newcustomers,Cairo,Laptop,New,1687.18,50747,2374.0,425.0,100,2625556.06,1786972.97,2026-04,26255.56,17869.73,838583.0900000001
L10147,2026-03-04,Instagram Ads,Ig_Products,Giza,Headphones,New,756.95,57349,4706.0,36.0,47,71921.12,43372.2,2026-03,1530.24,922.81,28548.92
L10148,2026-02-23,Google Ads,G_Search,Giza,Tablet,New,1330.91,75832,2985.0,229.0,78,664968.47,383493.7,2026-02,8525.24,4916.59,281474.76999999996
L10149,2026-04-27,Facebook Ads,Fb_Newcustomers,Giza,Headphones,New,1267.88,61356,4904.0,27.0,1,1945.54,1122.14,2026-04,1945.54,1122.14,823.3999999999999
L10150,2026-04-20,Facebook Ads,Fb_Summer,Tanta,Headphones,New,813.48,19745,1257.0,176.0,104,200486.87,123591.79,2026-04,1927.76,1188.38,76895.08
L10151,2026-03-15,Email Marketing,Email_Retention,Mansoura,Laptop,New,338.95,10730,233.0,442.0,70,1903627.35,1263848.36,2026-03,27194.68,18054.98,639778.99
L10152,2026-04-17,Facebook Ads,Fb_Retargeting,Cairo,Headphones,New,679.94,18921,4267.0,486.0,31,50884.78,30112.28,2026-04,1641.44,971.36,20772.5
L10153,2026-02-26,Facebook Ads,Fb_Retargeting,Alexandria,Accessories,New,441.47,76138,1796.0,91.0,3,2953.75,1896.33,2026-02,984.58,632.11,1057.42
L10154,2026-06-18,Google Ads,G_Search,Other,Smartphone,Returning,859.57,88111,3282.0,437.0,19,272514.74,162554.2,2026-06,14342.88,8555.48,109960.53999999998
L10155,2026-01-03,Email Marketing,Email_Retention,Tanta,Smart Watch,Returning,790.47,24023,2937.0,81.0,113,386441.84,224485.86,2026-01,3419.84,1986.6,161955.98000000004
L10156,2026-04-30,Facebook Ads,Fb_Newcustomers,Giza,Smartphone,New,738.03,50349,866.0,319.0,116,1744775.14,915957.93,2026-04,15041.16,7896.19,828817.2099999998
L10157,2026-01-06,Instagram Ads,Ig_Influencers,Cairo,Tablet,Returning,968.84,86533,4448.0,488.0,35,267782.59,139456.57,2026-01,7650.93,3984.47,128326.02000000002
L10158,2026-01-05,Tiktok Ads,Tt_Reach,Alexandria,Smart Watch,New,772.94,88286,4352.0,244.0,31,106262.08,60084.99,2026-01,3427.81,1938.23,46177.090000000004
L10159,2026-01-05,Facebook Ads,Fb_Newcustomers,Mansoura,Headphones,New,628.66,46979,3847.0,171.0,27,41243.37,24798.87,2026-01,1527.53,918.48,16444.500000000004
L10160,2026-02-23,Instagram Ads,Ig_Influencers,Tanta,Tablet,New,323.1,27837,2958.0,336.0,76,544987.86,376179.09,2026-02,7170.89,4949.72,168808.76999999996
L10161,2026-02-16,Google Ads,G_Search,Mansoura,Smart Watch,New,465.71,19997,722.0,429.0,0,0.0,0.0,2026-02,,,0.0
L10162,2026-06-26,Instagram Ads,Ig_Retargeting,Tanta,Accessories,Returning,369.95,50039,4742.0,411.0,59,46635.26,26742.2,2026-06,790.43,453.26,19893.06
L10163,2026-01-09,Instagram Ads,Ig_Retargeting,Tanta,Accessories,Returning,998.76,25923,745.0,47.0,55,41447.22,23579.66,2026-01,753.59,428.72,17867.56
L10164,2026-04-09,Google Ads,G_Shopping,Cairo,Accessories,New,607.44,13876,3506.0,452.0,34,25623.33,14489.08,2026-04,753.63,426.15,11134.250000000002
L10165,2026-01-20,Facebook Ads,Fb_Summer,Alexandria,Accessories,New,739.61,65973,3863.0,402.0,111,100614.77,59146.14,2026-01,906.44,532.85,41468.630000000005
L10166,2026-05-02,Tiktok Ads,Tt_Products,Cairo,Headphones,New,508.19,7887,3781.0,210.0,29,52574.05,32576.97,2026-05,1812.9,1123.34,19997.08
L10167,2026-03-02,Google Ads,G_Shopping,Cairo,Smartphone,New,1120.46,68723,1149.0,209.0,53,662859.34,402841.86,2026-03,12506.78,7600.79,260017.47999999998
L10168,2026-05-03,Facebook Ads,Fb_Retargeting,Other,Smart Watch,New,887.8,47422,2429.0,264.0,35,112032.78,63147.8,2026-05,3200.94,1804.22,48884.979999999996
L10169,2026-06-12,Facebook Ads,Fb_Summer,Giza,Headphones,New,694.47,56413,4583.0,188.0,54,77228.19,42173.56,2026-06,1430.15,780.99,35054.630000000005
L10170,2026-06-27,Instagram Ads,Ig_Retargeting,Giza,Accessories,Returning,641.96,7841,1292.0,44.0,88,89463.96,46746.31,2026-06,1016.64,531.21,42717.65000000001
L10171,2026-03-23,Instagram Ads,Ig_Products,Cairo,Smartphone,Returning,416.45,33756,1232.0,91.0,79,1056998.99,582187.27,2026-03,13379.73,7369.46,474811.72
L10172,2026-03-03,Facebook Ads,Fb_Newcustomers,Alexandria,Tablet,New,471.4,76576,2591.0,398.0,57,440289.61,291062.81,2026-03,7724.38,5106.37,149226.8
L10173,2026-05-25,Google Ads,G_Search,Cairo,Tablet,Returning,261.39,15304,223.0,407.0,82,532032.1,302581.4,2026-05,6488.2,3690.02,229450.69999999995
L10174,2026-01-03,Facebook Ads,Fb_Summer,Cairo,Tablet,New,896.69,35341,2569.0,229.0,64,546732.49,335540.86,2026-01,8542.7,5242.83,211191.63
L10175,2026-06-09,Instagram Ads,Ig_Products,Giza,Accessories,New,937.35,9758,3308.0,167.0,68,60389.62,38544.29,2026-06,888.08,566.83,21845.33
L10176,2026-01-13,Facebook Ads,Fb_Summer,Cairo,Tablet,New,957.94,22010,4662.0,13.0,50,348809.54,243248.67,2026-01,6976.19,4864.97,105560.86999999997
L10177,2026-04-30,Instagram Ads,Ig_Influencers,Giza,Laptop,Returning,383.86,65758,3285.0,176.0,21,471932.7,329300.96,2026-04,22472.99,15681.0,142631.74
L10178,2026-05-05,Google Ads,G_Brand,Cairo,Smart Watch,Returning,1288.31,36658,4323.0,477.0,87,323081.47,216188.91,2026-05,3713.58,2484.93,106892.55999999997
L10179,2026-03-30,Email Marketing,Email_Retention,Cairo,Smart Watch,New,551.86,54002,3222.0,457.0,106,464346.58,244725.23,2026-03,4380.63,2308.73,219621.35
L10180,2026-03-14,Facebook Ads,Fb_Newcustomers,Cairo,Accessories,New,844.33,6375,3384.0,418.0,108,108022.73,68595.95,2026-03,1000.21,635.15,39426.78
L10181,2026-03-09,Google Ads,G_Brand,Giza,Laptop,Returning,319.21,27092,1437.0,421.0,115,3149665.15,2133320.79,2026-03,27388.39,18550.62,1016344.3599999999
L10182,2026-05-22,Facebook Ads,Fb_Retargeting,Mansoura,Headphones,New,1148.32,5490,2793.0,213.0,100,180834.79,94659.35,2026-05,1808.35,946.59,86175.44
L10183,2026-04-11,Email Marketing,Email_Newoffers,Alexandria,Headphones,Returning,919.23,8729,4265.0,203.0,52,73972.5,46598.01,2026-04,1422.55,896.12,27374.489999999998
L10184,2026-04-08,Email Marketing,Email_Promo,Alexandria,Tablet,New,564.3,10974,1437.0,244.0,99,804342.83,556245.56,2026-04,8124.68,5618.64,248097.2699999999
L10185,2026-01-11,Facebook Ads,Fb_Summer,Mansoura,Smartphone,New,511.14,88860,4374.0,215.0,35,499094.78,306853.66,2026-01,14259.85,8767.25,192241.12000000005
L10186,2026-04-15,Instagram Ads,Ig_Retargeting,Cairo,Headphones,New,908.05,26398,4713.0,159.0,67,98922.09,51520.73,2026-04,1476.45,768.97,47401.35999999999
L10187,2026-03-08,Tiktok Ads,Tt_Conversions,Alexandria,Smartphone,Returning,1146.69,39650,3272.0,168.0,35,536962.48,280403.24,2026-03,15341.79,8011.52,256559.24
L10188,2026-05-03,Instagram Ads,Ig_Retargeting,Tanta,Smart Watch,New,418.01,26292,380.0,288.0,51,175268.91,105744.5,2026-05,3436.65,2073.42,69524.41
L10189,2026-01-29,Google Ads,G_Search,Giza,Smartphone,Returning,627.02,8159,803.0,313.0,52,648226.68,357174.02,2026-01,12465.9,6868.73,291052.66000000003
L10190,2026-05-17,Facebook Ads,Fb_Newcustomers,Alexandria,Smart Watch,New,501.14,67766,3090.0,413.0,81,329039.7,214826.77,2026-05,4062.22,2652.18,114212.93000000002
L10191,2026-06-02,Facebook Ads,Fb_Summer,Other,Laptop,Returning,1173.49,22065,147.0,390.0,49,1359384.55,899586.12,2026-06,27742.54,18358.9,459798.43000000005
L10192,2026-03-17,Email Marketing,Email_Retention,Cairo,Laptop,Returning,474.72,26638,3916.0,175.0,79,2239757.66,1244355.51,2026-03,28351.36,15751.34,995402.1500000001
L10193,2026-06-19,Email Marketing,Email_Newoffers,Cairo,Accessories,Returning,326.49,6073,4073.0,320.0,40,29989.76,20924.06,2026-06,749.74,523.1,9065.699999999997
L10194,2026-01-09,Instagram Ads,Ig_Influencers,Mansoura,Accessories,New,928.35,51511,2586.0,77.0,17,16914.1,10290.23,2026-01,994.95,605.31,6623.869999999999
L10195,2026-02-09,Google Ads,G_Search,Giza,Tablet,New,1235.31,89307,1617.0,472.0,21,167164.62,91701.36,2026-02,7960.22,4366.73,75463.26
L10196,2026-01-25,Google Ads,G_Shopping,Alexandria,Headphones,New,901.72,34320,477.0,97.0,65,107050.63,72029.05,2026-01,1646.93,1108.14,35021.58
L10197,2026-01-05,Instagram Ads,Ig_Products,Alexandria,Tablet,Returning,1102.44,74876,4795.0,226.0,20,185875.31,126022.51,2026-01,9293.77,6301.13,59852.8
L10198,2026-05-19,Email Marketing,Email_Newoffers,Alexandria,Smart Watch,New,1629.79,39924,3437.0,10.0,99,419597.25,271839.89,2026-05,4238.36,2745.86,147757.36
L10199,2026-05-04,Email Marketing,Email_Promo,Giza,Tablet,New,1468.39,86720,1243.0,144.0,43,289220.92,199762.9,2026-05,6726.07,4645.65,89458.01999999999
L10200,2026-02-07,Tiktok Ads,Tt_Reach,Alexandria,Smartphone,New,1476.63,45734,4905.0,194.0,102,1500872.5,1001794.26,2026-02,14714.44,9821.51,499078.24
L10201,2026-03-13,Instagram Ads,Ig_Retargeting,Tanta,Smart Watch,New,504.49,73116,635.0,360.0,46,151340.73,105399.91,2026-03,3290.02,2291.3,45940.82000000001
L10202,2026-05-13,Facebook Ads,Fb_Retargeting,Mansoura,Accessories,Returning,933.45,45025,3741.0,149.0,38,27422.09,16639.11,2026-05,721.63,437.87,10782.98
L10203,2026-06-25,Facebook Ads,Fb_Newcustomers,Cairo,Laptop,New,716.39,7159,1831.0,115.0,28,711232.71,476184.12,2026-06,25401.17,17006.58,235048.58999999997
L10204,2026-03-31,Email Marketing,Email_Promo,Mansoura,Accessories,Returning,709.86,53940,3021.0,142.0,53,55271.83,39792.97,2026-03,1042.86,750.81,15478.86
L10205,2026-05-26,Instagram Ads,Ig_Products,Cairo,Headphones,New,1125.43,84436,2737.0,117.0,89,129955.74,86418.78,2026-05,1460.18,971.0,43536.96000000001
L10206,2026-02-06,Facebook Ads,Fb_Summer,Giza,Smart Watch,New,868.02,81976,2875.0,187.0,84,347658.12,188721.61,2026-02,4138.79,2246.69,158936.51
L10207,2026-03-01,Facebook Ads,Fb_Newcustomers,Mansoura,Smart Watch,New,637.46,19678,2409.0,307.0,16,54478.28,33976.13,2026-03,3404.89,2123.51,20502.15
L10208,2026-06-25,Instagram Ads,Ig_Influencers,Cairo,Smartphone,New,459.52,66075,2039.0,367.0,79,1149710.22,732905.27,2026-06,14553.29,9277.28,416804.94999999995
L10209,2026-01-28,Facebook Ads,Fb_Retargeting,Alexandria,Headphones,New,871.74,52204,1681.0,389.0,59,98434.0,54615.33,2026-01,1668.37,925.68,43818.67
L10210,2026-03-22,Facebook Ads,Fb_Retargeting,Cairo,Laptop,Returning,606.25,17021,2873.0,405.0,30,844731.53,601937.38,2026-03,28157.72,20064.58,242794.15000000002
L10211,2026-04-24,Google Ads,G_Shopping,Cairo,Smart Watch,New,1122.72,11772,1560.0,368.0,114,393097.49,218214.69,2026-04,3448.22,1914.16,174882.8
L10212,2026-02-09,Instagram Ads,Ig_Products,Alexandria,Smart Watch,Returning,1105.48,72163,1182.0,155.0,72,305717.3,169829.5,2026-02,4246.07,2358.74,135887.8
L10213,2026-02-14,Instagram Ads,Ig_Products,Alexandria,Smartphone,New,809.31,78755,3356.0,459.0,94,1497210.07,1052588.73,2026-02,15927.77,11197.75,444621.3400000001
L10214,2026-03-03,Facebook Ads,Fb_Retargeting,Other,Tablet,New,366.7,28464,1379.0,83.0,77,643358.89,394405.43,2026-03,8355.31,5122.15,248953.46000000002
L10215,2026-04-03,Instagram Ads,Ig_Products,Alexandria,Laptop,Returning,532.19,56137,3959.0,472.0,48,1262278.22,672336.91,2026-04,26297.46,14007.02,589941.3099999999
L10216,2026-04-25,Facebook Ads,Fb_Retargeting,Alexandria,Accessories,New,1507.01,35232,1615.0,487.0,100,101945.54,65208.19,2026-04,1019.46,652.08,36737.34999999999
L10217,2026-03-08,Google Ads,G_Brand,Giza,Headphones,New,857.21,66497,157.0,117.0,1,1359.99,870.89,2026-03,1359.99,870.89,489.1
L10218,2026-02-25,Instagram Ads,Ig_Retargeting,Cairo,Smart Watch,New,1233.19,79024,2911.0,131.0,115,485643.57,258799.53,2026-02,4222.99,2250.43,226844.04
L10219,2026-02-09,Instagram Ads,Ig_Influencers,Other,Smart Watch,New,376.5,56448,3490.0,26.0,47,209453.5,149655.47,2026-02,4456.46,3184.16,59798.03
L10220,2026-04-08,Facebook Ads,Tt_Reach,Giza,Accessories,Returning,2377.85,89517,2801.0,205.0,109,79897.74,50240.18,2026-04,733.01,460.92,29657.560000000005
L10221,2026-02-09,Instagram Ads,Ig_Retargeting,Mansoura,Laptop,New,238.17,5901,3707.0,336.0,13,336237.07,212488.09,2026-02,25864.39,16345.24,123748.98000000001
L10222,2026-04-01,Instagram Ads,Ig_Products,Cairo,Tablet,Returning,863.67,88597,1612.0,327.0,58,405074.34,252775.74,2026-04,6984.04,4358.2,152298.60000000003
L10223,2026-02-02,Facebook Ads,Fb_Newcustomers,Alexandria,Smart Watch,Returning,223.74,7881,317.0,306.0,96,382347.04,245522.76,2026-02,3982.78,2557.53,136824.27999999997
L10224,2026-01-06,Google Ads,G_Brand,Alexandria,Laptop,New,1122.7,34863,2076.0,488.0,98,2729710.72,1563741.95,2026-01,27854.19,15956.55,1165968.7700000003
L10225,2026-05-27,Facebook Ads,Fb_Newcustomers,Tanta,Accessories,Returning,418.98,10622,3507.0,261.0,57,46347.97,26763.56,2026-05,813.12,469.54,19584.41
L10226,2026-03-21,Facebook Ads,Fb_Summer,Cairo,Smartphone,New,609.96,6378,357.0,496.0,102,1347359.51,838418.46,2026-03,13209.41,8219.79,508941.05000000005
L10227,2026-06-17,Email Marketing,Email_Promo,Alexandria,Tablet,Returning,781.15,88168,3169.0,128.0,57,410743.99,279855.15,2026-06,7206.03,4909.74,130888.83999999997
L10228,2026-04-02,Google Ads,G_Search,Other,Headphones,New,975.55,76186,603.0,171.0,110,174098.81,92267.65,2026-04,1582.72,838.8,81831.16
L10229,2026-04-07,Email Marketing,Email_Promo,Giza,Smart Watch,Returning,643.165,50201,4355.0,207.0,50,169226.19,108419.98,2026-04,3384.52,2168.4,60806.21000000001
L10230,2026-02-28,Instagram Ads,Ig_Influencers,Alexandria,Laptop,New,735.76,64251,4298.0,495.0,83,2507301.8,1708364.19,2026-02,30208.46,20582.7,798937.6099999999
L10231,2026-02-28,Tiktok Ads,Tt_Products,Cairo,Smartphone,New,764.57,77572,3202.0,54.0,1,10925.8,6024.31,2026-02,10925.8,6024.31,4901.489999999999
L10232,2026-02-17,Google Ads,G_Shopping,Other,Headphones,Returning,686.11,44255,4655.0,323.0,114,217274.63,113635.61,2026-02,1905.92,996.8,103639.02
L10233,2026-06-18,Instagram Ads,Ig_Retargeting,Cairo,Laptop,Returning,599.1,68212,1877.0,188.0,40,1083099.87,630951.88,2026-06,27077.5,15773.8,452147.9900000001
L10234,2026-01-13,Google Ads,G_Search,Mansoura,Laptop,New,506.66,55210,2211.0,391.0,82,2024029.53,1290579.4,2026-01,24683.29,15738.77,733450.1300000001
L10235,2026-04-17,Facebook Ads,Fb_Newcustomers,Tanta,Headphones,New,785.45,27499,895.0,427.0,100,180552.6,98880.83,2026-04,1805.53,988.81,81671.77
L10236,2026-02-14,Instagram Ads,Fb_Retargeting,Cairo,Smartphone,Returning,772.13,56628,2774.0,53.0,81,1089599.22,659452.12,2026-02,13451.84,8141.38,430147.1
L10237,2026-03-30,Facebook Ads,Fb_Newcustomers,Mansoura,Accessories,Returning,455.96,66360,522.0,280.0,15,13176.8,8307.5,2026-03,878.45,553.83,4869.299999999999
L10238,2026-06-30,Facebook Ads,Fb_Retargeting,Cairo,Smartphone,Returning,600.63,9603,3220.0,87.0,3,34301.92,21945.57,2026-06,11433.97,7315.19,12356.349999999999
L10239,2026-06-19,Instagram Ads,Ig_Retargeting,Cairo,Tablet,Returning,225.28,17632,222.0,335.0,11,82871.91,47641.6,2026-06,7533.81,4331.05,35230.310000000005
L10240,2026-04-10,Facebook Ads,Fb_Newcustomers,Tanta,Smart Watch,Returning,583.57,35607,4367.0,187.0,28,98122.21,58873.91,2026-04,3504.36,2102.64,39248.3
L10241,2026-06-04,Email Marketing,Email_Newoffers,Other,Headphones,Returning,229.97,70756,1490.0,366.0,6,8159.33,5513.0,2026-06,1359.89,918.83,2646.33
L10242,2026-06-15,Email Marketing,Email_Newoffers,Giza,Accessories,New,512.99,51994,4553.0,425.0,13,10819.03,7662.5,2026-06,832.23,589.42,3156.5300000000007
L10243,2026-01-07,Email Marketing,Email_Retention,Giza,Headphones,New,368.34,68382,614.0,460.0,118,165977.38,114918.77,2026-01,1406.59,973.89,51058.61
L10244,2026-05-13,Google Ads,G_Brand,Cairo,Headphones,Returning,430.87,75354,1796.0,244.0,11,16629.83,10524.3,2026-05,1511.8,956.75,6105.5300000000025
L10245,2026-02-14,Facebook Ads,Fb_Newcustomers,Cairo,Smartphone,Returning,1253.38,61344,3444.0,223.0,98,1111763.14,669346.52,2026-02,11344.52,6830.07,442416.6199999999
L10246,2026-02-27,Email Marketing,Email_Promo,Cairo,Smart Watch,New,340.21,58775,1112.0,351.0,4,13193.54,7739.22,2026-02,3298.38,1934.8,5454.320000000001
L10247,2026-01-31,Google Ads,G_Search,Cairo,Tablet,New,537.68,12349,3422.0,83.0,80,557364.69,303758.91,2026-01,6967.06,3796.99,253605.77999999997
L10248,2026-01-23,Email Marketing,Email_Retention,Alexandria,Laptop,Returning,781.2,76154,1490.0,60.0,105,3291592.1,1781772.54,2026-01,31348.5,16969.26,1509819.56
L10249,2026-06-19,Email Marketing,Email_Newoffers,Alexandria,Laptop,New,195.06,32464,4580.0,76.0,31,663300.39,436233.78,2026-06,21396.79,14072.06,227066.61
L10250,2026-05-18,Tiktok Ads,Tt_Products,Alexandria,Headphones,New,609.6,47624,1252.0,341.0,73,127922.55,73166.44,2026-05,1752.36,1002.28,54756.11
L10251,2026-06-09,Facebook Ads,Fb_Summer,Cairo,Smart Watch,New,744.89,42344,968.0,102.0,42,141020.39,80513.1,2026-06,3357.63,1916.98,60507.29000000001
L10252,2026-04-17,Google Ads,G_Shopping,Giza,Accessories,New,357.22,88791,3418.0,185.0,80,81488.71,58642.45,2026-04,1018.61,733.03,22846.26000000001
L10253,2026-06-30,Tiktok Ads,Tt_Reach,Tanta,Smartphone,New,280.33,29299,4597.0,154.0,68,771812.71,430351.34,2026-06,11350.19,6328.7,341461.36999999994
L10254,2026-06-07,Google Ads,G_Search,Cairo,Smart Watch,New,967.61,52975,1721.0,16.0,44,200373.49,110127.66,2026-06,4553.94,2502.9,90245.82999999999
L10255,2026-02-08,Facebook Ads,Fb_Summer,Other,Smart Watch,New,200.05,6462,551.0,278.0,105,425046.49,229413.34,2026-02,4048.06,2184.89,195633.15
L10256,2026-06-08,Instagram Ads,Ig_Products,Other,Smartphone,Returning,533.36,86441,3020.0,385.0,8,87051.48,55361.35,2026-06,10881.44,6920.17,31690.129999999997
L10257,2026-03-23,Email Marketing,Email_Newoffers,Cairo,Headphones,New,329.83,86788,626.0,331.0,48,91834.78,59286.03,2026-03,1913.22,1235.13,32548.75
L10258,2026-04-10,Instagram Ads,Ig_Influencers,Tanta,Smart Watch,Returning,139.59,45581,4806.0,13.0,32,125341.32,74333.12,2026-04,3916.92,2322.91,51008.20000000001
L10259,2026-01-02,Instagram Ads,Ig_Products,Giza,Laptop,Returning,1130.86,76289,3677.0,147.0,99,2375517.93,1489646.12,2026-01,23995.13,15046.93,885871.81
L10260,2026-03-18,Facebook Ads,Fb_Retargeting,Giza,Smartphone,New,923.95,19175,2905.0,240.0,99,1462125.24,990852.9,2026-03,14768.94,10008.62,471272.33999999997
L10261,2026-01-12,Instagram Ads,Ig_Retargeting,Alexandria,Accessories,Returning,1178.08,11191,3803.0,97.0,17,17350.48,11861.15,2026-01,1020.62,697.71,5489.33
L10262,2026-02-08,Email Marketing,Email_Retention,Giza,Tablet,New,708.29,88434,443.0,26.0,8,62511.84,44482.33,2026-02,7813.98,5560.29,18029.509999999995
L10263,2026-01-13,Facebook Ads,Fb_Retargeting,Alexandria,Headphones,Returning,330.16,89518,2246.0,61.0,61,94476.72,64702.72,2026-01,1548.8,1060.7,29774.0
L10264,2026-02-15,Google Ads,G_Search,Giza,Smartphone,New,502.4,85158,3389.0,143.0,56,833218.2,527400.7,2026-02,14878.9,9417.87,305817.5
L10265,2026-06-04,Email Marketing,Email_Newoffers,Giza,Tablet,Returning,272.13,71537,625.0,220.0,28,235292.73,130806.62,2026-06,8403.31,4671.66,104486.11000000002
L10266,2026-04-23,Instagram Ads,Ig_Retargeting,Mansoura,Tablet,New,570.27,52645,3320.0,334.0,113,1019151.37,550293.55,2026-04,9019.04,4869.85,468857.81999999995
L10267,2026-01-17,Instagram Ads,Ig_Products,Giza,Accessories,New,1094.23,28283,4809.0,489.0,77,72592.59,38539.58,2026-01,942.76,500.51,34053.009999999995
L10268,2026-04-14,Instagram Ads,Ig_Retargeting,Mansoura,Smart Watch,New,504.66,64123,2016.0,467.0,24,84191.68,55002.86,2026-04,3507.99,2291.79,29188.819999999992
L10269,2026-04-08,Google Ads,G_Shopping,Cairo,Accessories,Returning,786.18,35024,1042.0,402.0,14,14311.87,9753.64,2026-04,1022.28,696.69,4558.230000000001
L10270,2026-03-29,Facebook Ads,Fb_Summer,Cairo,Smart Watch,Returning,754.47,54630,3085.0,228.0,5,16520.54,10271.43,2026-03,3304.11,2054.29,6249.110000000001
L10271,2026-04-19,Tiktok Ads,Tt_Products,Tanta,Smart Watch,New,315.03,35734,3886.0,214.0,119,421721.23,223909.87,2026-04,3543.88,1881.6,197811.36
L10272,2026-06-12,Tiktok Ads,Tt_Products,Alexandria,Smartphone,Returning,319.65,5515,962.0,220.0,41,554114.49,347481.94,2026-06,13514.99,8475.17,206632.55
L10273,2026-03-11,Tiktok Ads,Tt_Reach,Cairo,Smartphone,New,914.93,71727,3920.0,286.0,28,384891.94,272176.28,2026-03,13746.14,9720.58,112715.65999999997
L10274,2026-06-07,Email Marketing,Email_Newoffers,Cairo,Headphones,Returning,397.74,51216,950.0,33.0,78,106052.36,67822.89,2026-06,1359.65,869.52,38229.47
L10275,2026-03-15,Google Ads,G_Search,Cairo,Smart Watch,New,808.52,76833,4691.0,495.0,92,395364.66,269593.43,2026-03,4297.44,2930.36,125771.22999999998
L10276,2026-03-04,Google Ads,G_Search,Other,Tablet,Returning,393.74,63755,2703.5,13.0,3,22352.35,15200.28,2026-03,7450.78,5066.76,7152.069999999998
L10277,2026-06-05,Tiktok Ads,Tt_Reach,Giza,Laptop,New,442.95,32856,945.0,161.0,81,2059751.02,1455061.3,2026-06,25429.02,17963.72,604689.72
L10278,2026-03-01,Instagram Ads,Ig_Influencers,Other,Headphones,New,799.98,78870,4389.0,452.0,113,210169.02,141663.54,2026-03,1859.9,1253.66,68505.47999999998
L10279,2026-03-20,Instagram Ads,Ig_Products,Giza,Smartphone,New,596.38,29162,3283.0,492.0,56,716792.34,479921.22,2026-03,12799.86,8570.02,236871.12
L10280,2026-02-06,Tiktok Ads,Tt_Conversions,Giza,Accessories,New,546.56,11008,2977.0,268.0,48,34953.71,19812.48,2026-02,728.2,412.76,15141.23
L10281,2026-01-22,Email Marketing,Email_Newoffers,Alexandria,Headphones,New,372.77,12987,2324.0,333.0,43,62829.75,33424.49,2026-01,1461.16,777.31,29405.260000000002
L10282,2026-05-28,Google Ads,G_Brand,Giza,Headphones,New,700.86,67532,98.0,366.0,102,199126.34,124159.23,2026-05,1952.22,1217.25,74967.11
L10283,2026-04-06,Google Ads,G_Brand,Cairo,Headphones,Returning,409.52,8332,721.0,177.0,79,110154.07,60021.5,2026-04,1394.36,759.77,50132.57000000001
L10284,2026-03-09,Facebook Ads,Fb_Newcustomers,Other,Headphones,New,855.94,71323,3163.0,185.0,74,116446.89,82961.33,2026-03,1573.61,1121.1,33485.56
L10285,2026-01-17,Instagram Ads,Ig_Retargeting,Tanta,Laptop,New,377.08,43990,409.0,319.0,13,343124.76,198320.95,2026-01,26394.21,15255.46,144803.81
L10286,2026-01-12,Facebook Ads,Fb_Newcustomers,Alexandria,Accessories,New,543.33,14873,945.0,300.0,2,1753.03,1210.62,2026-01,876.52,605.31,542.4100000000001
L10287,2026-05-30,Google Ads,G_Brand,Other,Accessories,New,863.72,87542,853.0,488.0,114,81375.1,48623.65,2026-05,713.82,426.52,32751.450000000004
L10288,2026-05-25,Google Ads,G_Search,Tanta,Accessories,New,767.44,41444,4567.0,65.0,113,99342.44,58079.45,2026-05,879.14,513.98,41262.990000000005
L10289,2026-05-18,Facebook Ads,Fb_Newcustomers,Mansoura,Smart Watch,New,797.96,40340,4812.0,117.0,61,226562.88,160187.14,2026-05,3714.15,2626.02,66375.73999999999
L10290,2026-04-28,Instagram Ads,Ig_Retargeting,Cairo,Tablet,New,612.32,10033,2434.0,482.0,105,973028.28,576679.33,2026-04,9266.94,5492.18,396348.95000000007
L10291,2026-01-22,Facebook Ads,Fb_Retargeting,Giza,Accessories,New,330.26,78324,3418.0,305.0,63,48221.48,28839.22,2026-01,765.42,457.77,19382.260000000002
L10292,2026-04-30,Facebook Ads,Fb_Retargeting,Giza,Headphones,New,989.01,20689,3598.0,470.0,101,158884.83,85991.39,2026-04,1573.12,851.4,72893.43999999999
L10293,2026-02-19,Tiktok Ads,Tt_Conversions,Cairo,Headphones,New,650.62,5066,3022.0,333.0,44,71028.03,46458.68,2026-02,1614.27,1055.88,24569.35
L10294,2026-01-14,Google Ads,G_Brand,Cairo,Accessories,New,458.68,50246,2647.0,311.0,105,88452.59,51105.07,2026-01,842.41,486.71,37347.52
L10295,2026-06-24,Facebook Ads,Fb_Newcustomers,Tanta,Accessories,New,643.165,12533,1754.0,343.0,81,75644.99,48195.0,2026-06,933.89,595.0,27449.990000000005
L10296,2026-01-29,Google Ads,G_Shopping,Cairo,Headphones,Returning,1374.28,85639,2763.0,150.0,57,84689.07,54054.52,2026-01,1485.77,948.32,30634.55000000001
L10297,2026-06-13,Tiktok Ads,Tt_Conversions,Giza,Smart Watch,New,591.59,75152,3460.0,164.0,19,66024.53,43829.72,2026-06,3474.98,2306.83,22194.809999999998
L10298,2026-06-29,Facebook Ads,Fb_Newcustomers,Other,Smartphone,Returning,285.31,64658,819.0,271.0,57,830817.5,555857.03,2026-06,14575.75,9751.88,274960.47
L10299,2026-05-05,Instagram Ads,Ig_Retargeting,Other,Smartphone,New,1151.81,43498,1625.0,282.0,111,1488951.16,927453.51,2026-05,13413.97,8355.44,561497.6499999999
L10300,2026-01-07,Facebook Ads,Fb_Summer,Cairo,Accessories,Returning,541.92,16772,4644.0,429.0,88,74847.46,43875.46,2026-01,850.54,498.58,30972.000000000007
L10301,2026-01-29,Facebook Ads,Fb_Retargeting,Tanta,Laptop,Returning,474.22,54036,2339.0,241.0,56,1291516.82,887905.13,2026-01,23062.8,15855.45,403611.69000000006
L10302,2026-05-19,Google Ads,G_Shopping,Cairo,Accessories,New,346.58,63531,1215.0,250.0,101,78260.13,45545.29,2026-05,774.85,450.94,32714.840000000004
L10303,2026-02-02,Google Ads,G_Search,Cairo,Accessories,Returning,667.36,17940,953.0,364.0,76,54416.64,33820.04,2026-02,716.01,445.0,20596.6
L10304,2026-05-14,Instagram Ads,Ig_Products,Giza,Smartphone,New,1015.24,21932,4635.0,346.0,67,759712.22,456017.65,2026-05,11338.99,6806.23,303694.56999999995
L10305,2026-04-21,Instagram Ads,Ig_Influencers,Alexandria,Headphones,New,679.61,61827,2380.0,498.0,118,200695.39,138683.66,2026-04,1700.81,1175.29,62011.73000000001
L10306,2026-03-20,Email Marketing,Email_Newoffers,Alexandria,Accessories,Returning,498.75,66431,831.0,267.0,77,77696.68,47114.0,2026-03,1009.05,611.87,30582.679999999993
L10307,2026-06-09,Google Ads,G_Search,Giza,Headphones,Returning,256.37,29648,933.0,258.0,96,146967.72,87772.04,2026-06,1530.91,914.29,59195.68000000001
L10308,2026-06-28,Google Ads,G_Search,Cairo,Headphones,New,561.44,37966,3812.0,86.0,91,141639.75,93193.96,2026-06,1556.48,1024.11,48445.78999999999
L10309,2026-02-27,Tiktok Ads,Tt_Products,Cairo,Laptop,New,749.66,32777,2363.0,189.0,51,1148936.46,735880.27,2026-02,22528.17,14429.02,413056.18999999994
L10310,2026-01-26,Facebook Ads,Fb_Retargeting,Giza,Headphones,New,397.45,37567,1409.0,75.0,36,57414.15,31086.86,2026-01,1594.84,863.52,26327.29
L10311,2026-06-23,Google Ads,G_Search,Mansoura,Smartphone,New,1176.75,22174,557.0,317.0,7,77447.3,48143.86,2026-06,11063.9,6877.69,29303.440000000002
L10312,2026-01-29,Facebook Ads,Fb_Newcustomers,Giza,Smart Watch,Returning,505.93,47598,2806.0,357.0,43,193451.54,129050.69,2026-01,4498.87,3001.18,64400.850000000006
L10313,2026-01-04,Facebook Ads,Fb_Retargeting,Alexandria,Smart Watch,New,778.48,64199,3171.0,180.0,97,401528.95,288464.4,2026-01,4139.47,2973.86,113064.54999999999
L10314,2026-04-09,Email Marketing,Email_Promo,Alexandria,Tablet,New,517.83,18798,4310.0,483.0,107,997505.11,644218.09,2026-04,9322.48,6020.73,353287.02
L10315,2026-05-21,Tiktok Ads,Tt_Conversions,Cairo,Accessories,New,950.58,70364,4585.0,31.0,4,4024.15,2390.58,2026-05,1006.04,597.64,1633.5700000000002
L10316,2026-02-08,Instagram Ads,Ig_Influencers,Cairo,Smartphone,New,700.03,22558,1349.0,376.0,117,1553224.99,877929.86,2026-02,13275.43,7503.67,675295.13
L10317,2026-01-15,Google Ads,G_Search,Tanta,Headphones,New,1342.41,66084,4261.0,116.0,68,114063.31,79224.5,2026-01,1677.4,1165.07,34838.81
L10318,2026-04-29,Facebook Ads,Fb_Retargeting,Cairo,Smart Watch,Returning,708.66,49237,2683.0,448.0,30,102904.4,70274.76,2026-04,3430.15,2342.49,32629.64
L10319,2026-01-29,Facebook Ads,Fb_Summer,Cairo,Smartphone,Returning,849.98,70497,1549.0,244.0,44,581673.39,329683.5,2026-01,13219.85,7492.81,251989.89
L10320,2026-06-06,Facebook Ads,Fb_Retargeting,Mansoura,Smart Watch,Returning,729.83,5178,457.0,236.0,8,35819.61,20063.51,2026-06,4477.45,2507.94,15756.100000000002
L10321,2026-03-16,Google Ads,G_Brand,Giza,Headphones,New,332.8,22118,1760.0,453.0,105,145113.95,96214.52,2026-03,1382.04,916.33,48899.43000000001
L10322,2026-04-26,Instagram Ads,Ig_Influencers,Giza,Smart Watch,Returning,643.165,27616,321.0,451.0,31,137002.28,79871.02,2026-04,4419.43,2576.48,57131.259999999995
L10323,2026-02-01,Instagram Ads,Ig_Products,Cairo,Accessories,Returning,780.92,5798,999.0,405.0,32,26427.68,15361.88,2026-02,825.86,480.06,11065.800000000001
L10324,2026-05-10,Facebook Ads,Fb_Retargeting,Cairo,Accessories,Returning,861.45,12601,149.0,225.0,66,66764.81,36751.23,2026-05,1011.59,556.84,30013.579999999994
L10325,2026-06-24,Email Marketing,Email_Promo,Cairo,Tablet,New,1064.01,30363,4004.0,78.0,29,266049.41,152391.8,2026-06,9174.12,5254.89,113657.60999999999
L10326,2026-03-25,Instagram Ads,Ig_Products,Cairo,Tablet,New,1086.49,7795,2166.0,93.0,113,945903.0,572745.7,2026-03,8370.82,5068.55,373157.30000000005
L10327,2026-01-22,Instagram Ads,Ig_Retargeting,Mansoura,Smart Watch,New,351.46,50264,2087.0,112.0,75,309502.72,206304.51,2026-01,4126.7,2750.73,103198.20999999996
L10328,2026-01-27,Instagram Ads,Ig_Retargeting,Tanta,Smartphone,New,309.95,77833,880.0,244.0,28,368836.39,216603.46,2026-01,13172.73,7735.84,152232.93000000002
L10329,2026-03-22,Google Ads,G_Shopping,Mansoura,Accessories,New,415.75,8084,2859.0,22.0,2,1980.63,1160.1,2026-03,990.32,580.05,820.5300000000002
L10330,2026-05-06,Facebook Ads,Fb_Newcustomers,Tanta,Smartphone,New,315.82,81646,835.0,306.0,89,1402211.44,809051.67,2026-05,15755.18,9090.47,593159.7699999999
L10331,2026-04-02,Google Ads,G_Search,Alexandria,Smartphone,New,511.35,5731,2075.0,322.0,56,829278.25,510550.74,2026-04,14808.54,9116.98,318727.51
L10332,2026-01-21,Tiktok Ads,Tt_Reach,Mansoura,Smart Watch,Returning,336.65,6129,1401.0,190.0,29,117863.16,65546.93,2026-01,4064.25,2260.24,52316.23000000001
L10333,2026-02-16,Facebook Ads,Fb_Newcustomers,Alexandria,Smartphone,New,349.86,33022,2410.0,277.0,8,111635.79,68893.36,2026-02,13954.47,8611.67,42742.42999999999
L10334,2026-04-11,Facebook Ads,Fb_Retargeting,Giza,Accessories,New,768.28,6605,189.0,22.0,25,24873.72,16437.43,2026-04,994.95,657.5,8436.29
L10335,2026-03-25,Facebook Ads,Fb_Newcustomers,Giza,Headphones,Returning,239.17,82506,1096.0,129.0,1,1690.96,889.37,2026-03,1690.96,889.37,801.59
L10336,2026-01-06,Facebook Ads,Fb_Newcustomers,Cairo,Tablet,Returning,663.41,49130,3945.0,467.0,61,534755.47,279118.76,2026-01,8766.48,4575.72,255636.70999999996
L10337,2026-05-27,Tiktok Ads,Tt_Products,Alexandria,Headphones,Returning,987.04,34265,104.0,362.0,2,3341.2,1787.62,2026-05,1670.6,893.81,1553.58
L10338,2026-05-11,Instagram Ads,Ig_Products,Other,Smartphone,Returning,983.1,37330,2918.0,66.0,45,503635.71,315846.08,2026-05,11191.9,7018.8,187789.63
L10339,2026-01-01,Google Ads,G_Brand,Cairo,Headphones,New,874.97,73469,817.0,49.0,67,106656.4,73687.95,2026-01,1591.89,1099.82,32968.45
L10340,2026-02-27,Facebook Ads,Fb_Summer,Cairo,Accessories,Returning,931.44,20187,259.0,383.0,24,20646.64,10756.42,2026-02,860.28,448.18,9890.22
L10341,2026-05-04,Google Ads,G_Search,Alexandria,Accessories,New,904.14,30791,311.0,345.0,50,37979.39,26864.05,2026-05,759.59,537.28,11115.34
L10342,2026-06-15,Google Ads,G_Search,Tanta,Smartphone,New,344.92,75610,1997.0,137.0,12,136742.03,74012.4,2026-06,11395.17,6167.7,62729.630000000005
L10343,2026-01-15,Facebook Ads,Fb_Retargeting,Giza,Smart Watch,New,571.19,44867,422.0,182.0,102,401587.61,276451.59,2026-01,3937.13,2710.31,125136.01999999996
L10344,2026-06-11,Google Ads,G_Search,Mansoura,Headphones,New,886.61,5893,4652.0,44.0,43,60356.54,37214.09,2026-06,1403.64,865.44,23142.450000000004
L10345,2026-06-12,Google Ads,G_Search,Cairo,Smart Watch,New,501.57,24773,2703.0,268.0,34,122241.2,79685.55,2026-06,3595.33,2343.69,42555.649999999994
L10346,2026-03-05,Facebook Ads,Ig_Retargeting,Giza,Smart Watch,Returning,504.31,9239,534.0,385.0,54,229206.11,142597.51,2026-03,4244.56,2640.69,86608.59999999998
L10347,2026-01-25,Instagram Ads,Ig_Products,Alexandria,Laptop,Returning,742.24,25863,4464.0,14.0,86,2665588.15,1640428.66,2026-01,30995.21,19074.75,1025159.49
L10348,2026-01-24,Facebook Ads,Fb_Newcustomers,Tanta,Smartphone,New,1443.8,56415,4705.0,227.0,8,116145.55,79789.66,2026-01,14518.19,9973.71,36355.89
L10349,2026-01-12,Google Ads,G_Brand,Giza,Tablet,New,967.15,73968,2356.0,20.0,1,9328.06,6260.78,2026-01,9328.06,6260.78,3067.2799999999997
L10350,2026-01-18,Instagram Ads,Ig_Products,Cairo,Accessories,Returning,243.44,65430,675.0,391.0,60,56681.84,34954.58,2026-01,944.7,582.58,21727.259999999995
L10351,2026-01-15,Google Ads,G_Shopping,Cairo,Accessories,Returning,703.25,6515,3954.0,336.0,117,94791.84,51408.19,2026-01,810.19,439.39,43383.649999999994
L10352,2026-01-27,Tiktok Ads,Tt_Products,Cairo,Smartphone,New,369.81,19605,4610.0,126.0,40,571426.67,310330.73,2026-01,14285.67,7758.27,261095.94000000006
L10353,2026-03-13,Instagram Ads,Ig_Retargeting,Alexandria,Tablet,Returning,999.45,61240,4577.0,193.0,43,363948.4,247596.97,2026-03,8463.92,5758.07,116351.43000000002
L10354,2026-03-01,Facebook Ads,Fb_Retargeting,Cairo,Accessories,New,1192.14,10586,2749.0,403.0,63,52674.25,32967.66,2026-03,836.1,523.3,19706.589999999997
L10355,2026-06-23,Facebook Ads,Fb_Newcustomers,Mansoura,Smartphone,New,1561.12,36186,2215.0,371.0,30,328946.93,202735.86,2026-06,10964.9,6757.86,126211.07
L10356,2026-05-25,Instagram Ads,Ig_Retargeting,Giza,Accessories,Returning,980.35,31928,4044.0,125.0,107,101255.59,66435.15,2026-05,946.31,620.89,34820.44
L10357,2026-04-03,Facebook Ads,Fb_Newcustomers,Cairo,Smart Watch,New,834.29,88087,1645.0,171.0,46,146367.36,101252.3,2026-04,3181.9,2201.14,45115.05999999998
L10358,2026-02-22,Instagram Ads,Ig_Retargeting,Cairo,Headphones,New,850.37,25711,388.0,76.0,1,1747.65,1128.59,2026-02,1747.65,1128.59,619.0600000000002
L10359,2026-01-08,Email Marketing,Email_Newoffers,Cairo,Headphones,Returning,365.28,59962,422.0,209.0,95,138042.45,92843.15,2026-01,1453.08,977.3,45199.30000000002
L10360,2026-03-20,Instagram Ads,Ig_Products,Other,Accessories,Returning,627.09,25039,515.0,40.0,81,72945.62,49096.35,2026-03,900.56,606.13,23849.269999999997
L10361,2026-01-27,Google Ads,G_Brand,Cairo,Laptop,New,712.67,41561,256.0,84.0,76,2006516.46,1186357.45,2026-01,26401.53,15609.97,820159.01
L10362,2026-06-23,Instagram Ads,Ig_Influencers,Mansoura,Tablet,New,452.42,80483,218.0,244.0,109,699257.14,401944.64,2026-06,6415.2,3687.57,297312.5
L10363,2026-02-19,Google Ads,G_Brand,Tanta,Tablet,New,816.93,86395,273.0,336.0,68,506907.75,344815.28,2026-02,7454.53,5070.81,162092.46999999997
L10364,2026-05-11,Google Ads,G_Brand,Giza,Tablet,Returning,1668.33,6577,3337.0,75.0,57,465305.03,277059.25,2026-05,8163.25,4860.69,188245.78000000003
L10365,2026-04-03,Email Marketing,Email_Retention,Tanta,Smart Watch,New,222.86,33350,3315.0,79.0,105,461732.42,323520.76,2026-04,4397.45,3081.15,138211.65999999997
L10366,2026-06-21,Google Ads,G_Search,Alexandria,Tablet,New,881.71,38798,2703.5,306.0,43,387804.54,207063.63,2026-06,9018.71,4815.43,180740.90999999997
L10367,2026-06-30,Email Marketing,Email_Newoffers,Other,Headphones,Returning,637.52,86417,4700.0,456.0,73,120802.26,64223.74,2026-06,1654.83,879.78,56578.52
L10368,2026-01-24,Email Marketing,Email_Retention,Cairo,Smart Watch,New,827.83,15785,3959.0,425.0,55,232142.96,163753.84,2026-01,4220.78,2977.34,68389.12
L10369,2026-03-01,Facebook Ads,Fb_Summer,Cairo,Smartphone,New,705.65,77227,3193.0,29.0,42,524202.29,340569.5,2026-03,12481.01,8108.8,183632.78999999998
L10370,2026-05-02,Facebook Ads,Fb_Summer,Mansoura,Tablet,New,561.4,66957,3042.0,450.0,88,650584.4,387696.17,2026-05,7393.0,4405.64,262888.23000000004
L10371,2026-05-11,Facebook Ads,Fb_Summer,Other,Tablet,Returning,282.28,70431,4916.0,235.0,33,229466.46,153974.77,2026-05,6953.53,4665.9,75491.69
L10372,2026-05-28,Facebook Ads,Fb_Summer,Tanta,Smartphone,New,911.71,22297,1033.0,443.0,100,1372688.67,898377.19,2026-05,13726.89,8983.77,474311.48
L10373,2026-02-15,Facebook Ads,Fb_Newcustomers,Cairo,Tablet,New,819.41,76894,1382.0,473.0,29,212014.02,132771.7,2026-02,7310.83,4578.33,79242.31999999998
L10374,2026-01-15,Instagram Ads,Ig_Influencers,Cairo,Smartphone,Returning,820.93,68772,3461.0,418.0,70,791222.76,427082.0,2026-01,11303.18,6101.17,364140.76
L10375,2026-06-02,Facebook Ads,Fb_Retargeting,Other,Smart Watch,New,1142.79,24581,2960.0,405.0,69,286830.17,195743.21,2026-06,4156.96,2836.86,91086.95999999999
L10376,2026-01-17,Google Ads,G_Shopping,Cairo,Headphones,New,496.9,60192,2267.0,208.0,117,210118.49,145655.11,2026-01,1795.88,1244.92,64463.380000000005
L10377,2026-05-06,Tiktok Ads,Tt_Conversions,Tanta,Smartphone,New,636.75,6462,4967.0,48.0,54,685905.92,380289.38,2026-05,12701.96,7042.4,305616.54000000004
L10378,2026-03-25,Facebook Ads,Fb_Summer,Tanta,Laptop,New,407.9,69173,625.0,154.0,66,1461260.85,1008419.52,2026-03,22140.32,15279.08,452841.3300000001
L10379,2026-01-09,Tiktok Ads,Tt_Reach,Giza,Smartphone,New,486.43,20511,2007.0,54.0,12,156461.53,108829.86,2026-01,13038.46,9069.16,47631.67
L10380,2026-06-15,Facebook Ads,Fb_Newcustomers,Alexandria,Tablet,New,305.4,81106,4232.0,404.0,2,15381.9,9688.84,2026-06,7690.95,4844.42,5693.0599999999995
L10381,2026-06-25,Facebook Ads,Fb_Summer,Alexandria,Smart Watch,New,422.87,53665,84.0,335.0,25,103323.66,67288.07,2026-06,4132.95,2691.52,36035.59
L10382,2026-03-04,Instagram Ads,Ig_Products,Cairo,Accessories,New,782.74,49414,3561.0,390.0,56,45773.05,27301.22,2026-03,817.38,487.52,18471.83
L10383,2026-04-27,Instagram Ads,Ig_Products,Other,Smart Watch,Returning,1590.52,86010,3333.0,416.0,23,95528.68,55058.75,2026-04,4153.42,2393.86,40469.92999999999
L10384,2026-05-10,Email Marketing,Email_Retention,Alexandria,Accessories,Returning,338.27,77573,1442.0,100.0,52,52118.04,34627.05,2026-05,1002.27,665.9,17490.989999999998
L10385,2026-03-29,Instagram Ads,Ig_Retargeting,Other,Smartphone,Returning,558.07,18386,1900.0,247.0,69,833536.67,577119.98,2026-03,12080.24,8364.06,256416.69000000006
L10386,2026-03-13,Tiktok Ads,Tt_Products,Cairo,Headphones,Returning,1450.08,59460,2743.0,79.0,42,82602.21,53758.8,2026-03,1966.72,1279.97,28843.410000000003
L10387,2026-05-19,Facebook Ads,Fb_Summer,Other,Laptop,New,847.4,11221,3018.0,175.0,59,1488512.31,926328.19,2026-05,25229.02,15700.48,562184.1200000001
L10388,2026-03-05,Facebook Ads,Fb_Summer,Alexandria,Smart Watch,Returning,756.25,28474,1353.0,139.0,57,201943.61,111429.45,2026-03,3542.87,1954.9,90514.15999999999
L10389,2026-03-13,Tiktok Ads,Tt_Products,Cairo,Tablet,New,394.14,26045,3406.0,223.0,48,366191.8,194334.96,2026-03,7629.0,4048.64,171856.84
L10390,2026-01-21,Tiktok Ads,Tt_Reach,Cairo,Accessories,Returning,588.17,9922,3739.0,349.0,41,30499.37,18578.34,2026-01,743.89,453.13,11921.029999999999
L10391,2026-01-18,Email Marketing,Email_Promo,Mansoura,Tablet,Returning,465.72,27706,3025.0,98.0,75,506173.13,268205.91,2026-01,6748.98,3576.08,237967.22000000003
L10392,2026-03-05,Google Ads,G_Shopping,Mansoura,Headphones,Returning,808.99,47771,3098.0,344.0,112,180442.47,114376.51,2026-03,1611.09,1021.22,66065.96
L10393,2026-03-23,Google Ads,G_Brand,Tanta,Accessories,Returning,818.63,57335,1211.0,261.0,99,95635.27,57050.82,2026-03,966.01,576.27,38584.450000000004
L10394,2026-04-20,Tiktok Ads,Tt_Products,Cairo,Smart Watch,New,512.29,57949,4843.0,378.0,65,290774.83,195237.22,2026-04,4473.46,3003.65,95537.61000000002
L10395,2026-04-05,Google Ads,G_Brand,Cairo,Smartphone,New,565.38,75714,2716.0,358.0,10,142489.51,82804.89,2026-04,14248.95,8280.49,59684.62000000001
L10396,2026-06-15,Email Marketing,Email_Newoffers,Giza,Tablet,New,1144.67,20240,3109.0,81.0,102,682178.87,435637.07,2026-06,6688.03,4270.95,246541.8
L10397,2026-02-01,Tiktok Ads,Tt_Conversions,Alexandria,Headphones,New,1210.19,7716,3099.0,174.0,97,172017.13,107947.06,2026-02,1773.37,1112.86,64070.07000000001
L10398,2026-01-11,Google Ads,G_Shopping,Giza,Smart Watch,New,538.39,21574,4457.0,58.0,89,363483.03,189353.75,2026-01,4084.08,2127.57,174129.28000000003
L10399,2026-02-14,Tiktok Ads,Tt_Reach,Other,Smart Watch,Returning,546.68,88255,3239.0,61.0,17,73686.04,39383.56,2026-02,4334.47,2316.68,34302.479999999996
L10400,2026-02-02,Tiktok Ads,Tt_Reach,Other,Smart Watch,Returning,326.81,78717,333.0,298.0,84,366501.71,211864.98,2026-02,4363.12,2522.2,154636.73
L10401,2026-04-12,Facebook Ads,Fb_Summer,Other,Smart Watch,New,564.31,49066,408.0,287.0,99,438199.59,305182.8,2026-04,4426.26,3082.65,133016.79000000004
L10402,2026-06-18,Email Marketing,Email_Promo,Tanta,Accessories,Returning,664.92,66826,2671.0,123.0,103,87570.47,48111.48,2026-06,850.2,467.1,39458.99
L10403,2026-05-16,Google Ads,G_Shopping,Alexandria,Smart Watch,Returning,252.13,25213,2910.0,248.0,51,212968.89,141023.5,2026-05,4175.86,2765.17,71945.39000000001
L10404,2026-01-11,Tiktok Ads,Tt_Products,Alexandria,Tablet,Returning,789.51,76916,3124.0,142.0,45,322787.02,230687.27,2026-01,7173.04,5126.38,92099.75000000003
L10405,2026-06-28,Google Ads,G_Shopping,Giza,Headphones,Returning,575.66,71151,2703.5,496.0,43,85122.02,57722.39,2026-06,1979.58,1342.38,27399.630000000005
L10406,2026-03-29,Email Marketing,Email_Promo,Tanta,Accessories,New,1253.99,55906,3481.0,283.0,21,16186.77,9203.62,2026-03,770.8,438.27,6983.15
L10407,2026-02-10,Google Ads,G_Shopping,Cairo,Smart Watch,Returning,1285.47,5463,2972.0,175.0,52,164573.15,115476.54,2026-02,3164.87,2220.7,49096.61
L10408,2026-05-25,Facebook Ads,Fb_Newcustomers,Alexandria,Laptop,Returning,1610.85,36973,734.0,383.0,58,1325843.28,714127.61,2026-05,22859.37,12312.54,611715.67
L10409,2026-03-17,Email Marketing,Email_Newoffers,Cairo,Laptop,New,788.5,79694,839.0,382.0,93,2707632.33,1661480.06,2026-03,29114.33,17865.38,1046152.27
L10410,2026-05-01,Facebook Ads,Fb_Retargeting,Giza,Headphones,New,562.34,25651,1878.0,302.0,113,184356.53,128590.22,2026-05,1631.47,1137.97,55766.31
L10411,2026-02-15,Google Ads,G_Shopping,Other,Smartphone,Returning,759.03,73694,3051.0,487.0,106,1393482.76,903329.58,2026-02,13146.06,8521.98,490153.18000000005
L10412,2026-06-09,Email Marketing,Email_Retention,Tanta,Smartphone,New,583.18,25008,4591.0,252.0,29,455930.5,274802.49,2026-06,15721.74,9475.95,181128.01
L10413,2026-03-21,Email Marketing,Email_Promo,Cairo,Accessories,Returning,1148.29,75474,3506.0,488.0,7,7127.95,4123.97,2026-03,1018.28,589.14,3003.9799999999996
L10414,2026-02-23,Instagram Ads,Ig_Retargeting,Other,Accessories,Returning,912.34,43185,334.0,329.0,97,79149.31,47095.41,2026-02,815.97,485.52,32053.899999999994
L10415,2026-03-27,Instagram Ads,Ig_Retargeting,Mansoura,Accessories,New,509.95,79417,3903.0,147.0,56,43792.66,27229.77,2026-03,782.01,486.25,16562.890000000003
L10416,2026-04-02,Google Ads,G_Shopping,Cairo,Smartphone,New,920.18,76139,1956.0,88.0,110,1669915.19,974911.16,2026-04,15181.05,8862.83,695004.0299999999
L10417,2026-05-28,Facebook Ads,Fb_Newcustomers,Cairo,Laptop,Returning,219.49,39980,2837.0,179.0,72,2189702.9,1562995.86,2026-05,30412.54,21708.28,626707.0399999998
L10418,2026-06-10,Google Ads,G_Brand,Cairo,Smartphone,New,1327.95,27504,2704.0,132.0,114,1553090.9,1097438.15,2026-06,13623.6,9626.65,455652.75
L10419,2026-06-17,Instagram Ads,Ig_Products,Cairo,Tablet,New,449.02,59970,4201.0,185.0,19,156703.18,108773.05,2026-06,8247.54,5724.9,47930.12999999999
L10420,2026-06-09,Tiktok Ads,Tt_Reach,Other,Smart Watch,New,1241.48,21766,3084.0,309.0,103,363349.39,219596.01,2026-06,3527.66,2132.0,143753.38
L10421,2026-04-07,Tiktok Ads,Tt_Products,Giza,Accessories,New,509.63,16695,4596.0,91.0,24,23490.41,15462.81,2026-04,978.77,644.28,8027.6
L10422,2026-01-02,Tiktok Ads,Tt_Products,Other,Laptop,Returning,685.64,22796,3814.0,96.0,18,498247.58,349055.25,2026-01,27680.42,19391.96,149192.33000000002
L10423,2026-02-02,Facebook Ads,Fb_Newcustomers,Alexandria,Headphones,New,550.72,47543,1324.0,234.0,4,6668.85,4602.08,2026-02,1667.21,1150.52,2066.7700000000004
L10424,2026-06-07,Google Ads,G_Shopping,Cairo,Headphones,Returning,824.97,19559,1088.0,25.0,74,102702.26,61915.64,2026-06,1387.87,836.7,40786.619999999995
L10425,2026-06-10,Facebook Ads,Fb_Retargeting,Giza,Smart Watch,New,337.27,38139,4394.0,319.0,78,350721.1,190258.2,2026-06,4496.42,2439.21,160462.89999999997
L10426,2026-03-18,Google Ads,G_Brand,Cairo,Laptop,New,148.81,13802,1590.0,367.0,71,1953503.08,1045370.43,2026-03,27514.13,14723.53,908132.65
L10427,2026-04-26,Google Ads,G_Shopping,Giza,Smartphone,Returning,1197.18,78843,2039.0,172.0,82,971938.4,617582.11,2026-04,11852.91,7531.49,354356.29000000004
L10428,2026-06-03,Email Marketing,Email_Retention,Other,Smartphone,Returning,1321.63,45205,2588.0,107.0,86,1199907.22,778170.53,2026-06,13952.41,9048.49,421736.68999999994
L10429,2026-05-30,Google Ads,G_Search,Giza,Tablet,New,509.16,39159,4838.0,165.0,26,218151.79,150517.87,2026-05,8390.45,5789.15,67633.92000000001
L10430,2026-04-13,Facebook Ads,Fb_Newcustomers,Giza,Tablet,New,410.63,16516,2762.0,11.0,39,309627.5,179120.44,2026-04,7939.17,4592.83,130507.06
L10431,2026-06-15,Facebook Ads,Fb_Newcustomers,Cairo,Smartphone,New,585.53,55492,1069.0,359.0,95,1379339.8,763456.44,2026-06,14519.37,8036.38,615883.3600000001
L10432,2026-04-13,Tiktok Ads,Tt_Conversions,Cairo,Headphones,New,341.52,34086,4364.0,406.0,25,42907.9,25564.58,2026-04,1716.32,1022.58,17343.32
L10433,2026-03-31,Instagram Ads,Ig_Influencers,Cairo,Accessories,Returning,785.95,35480,334.0,178.0,26,26718.47,15783.0,2026-03,1027.63,607.04,10935.470000000001
L10434,2026-06-23,Facebook Ads,Fb_Summer,Giza,Headphones,New,539.4,57091,4243.0,473.0,61,84413.58,46131.5,2026-06,1383.83,756.25,38282.08
L10435,2026-05-02,Facebook Ads,Fb_Summer,Cairo,Tablet,New,500.14,52766,4791.0,324.0,82,548668.64,359079.77,2026-05,6691.08,4379.02,189588.87
L10436,2026-05-23,Instagram Ads,Ig_Products,Alexandria,Smart Watch,New,475.73,43737,4532.0,334.0,49,166859.57,103743.0,2026-05,3405.3,2117.2,63116.57000000001
L10437,2026-04-16,Facebook Ads,Fb_Newcustomers,Giza,Smartphone,Returning,624.06,14265,335.0,384.0,41,589482.35,391548.65,2026-04,14377.62,9549.97,197933.69999999995
L10438,2026-04-29,Tiktok Ads,Tt_Products,Alexandria,Tablet,Returning,543.9,75990,1087.0,101.0,28,232278.14,137169.12,2026-04,8295.65,4898.9,95109.02000000002
L10439,2026-06-21,Instagram Ads,Ig_Influencers,Cairo,Tablet,New,632.3,20386,1835.0,190.0,38,343097.25,200760.08,2026-06,9028.88,5283.16,142337.17
L10440,2026-02-18,Facebook Ads,Fb_Newcustomers,Cairo,Accessories,Returning,453.16,42425,2651.0,240.0,59,56414.72,34667.7,2026-02,956.18,587.59,21747.020000000004
L10441,2026-04-14,Facebook Ads,Fb_Newcustomers,Other,Smartphone,New,1070.34,48254,3988.0,310.0,40,538196.16,374305.46,2026-04,13454.9,9357.64,163890.7
L10442,2026-03-02,Email Marketing,Email_Promo,Mansoura,Accessories,New,785.96,58634,3077.0,157.0,32,33353.09,17612.31,2026-03,1042.28,550.38,15740.779999999995
L10443,2026-05-03,Google Ads,G_Shopping,Giza,Smartphone,Returning,634.7,52662,2883.0,289.0,82,1002490.83,682662.74,2026-05,12225.5,8325.16,319828.08999999997
L10444,2026-05-14,Google Ads,G_Search,Cairo,Accessories,Returning,367.28,80452,3845.0,198.0,100,98953.62,58758.41,2026-05,989.54,587.58,40195.20999999999
L10445,2026-01-09,Tiktok Ads,Tt_Products,Other,Headphones,Returning,1037.3,15143,4459.0,356.0,82,132747.99,91718.75,2026-01,1618.88,1118.52,41029.23999999999
L10446,2026-01-06,Email Marketing,Email_Promo,Mansoura,Smart Watch,New,465.74,20581,3463.0,359.0,96,393949.5,268059.23,2026-01,4103.64,2792.28,125890.27000000002
L10447,2026-03-14,Email Marketing,Email_Newoffers,Alexandria,Smart Watch,New,684.4,72443,178.0,323.0,110,464099.31,273703.61,2026-03,4219.08,2488.21,190395.7
L10448,2026-04-13,Tiktok Ads,Tt_Products,Other,Smartphone,Returning,476.59,34424,276.0,420.0,15,211369.53,139245.03,2026-04,14091.3,9283.0,72124.5
L10449,2026-06-09,Google Ads,G_Search,Cairo,Laptop,New,912.5,46984,2609.0,419.0,22,501084.33,276561.75,2026-06,22776.56,12570.99,224522.58000000002
L10450,2026-02-10,Facebook Ads,Fb_Newcustomers,Giza,Tablet,New,184.94,46505,957.0,137.0,6,46156.68,32275.35,2026-02,7692.78,5379.22,13881.330000000002
L10451,2026-04-24,Tiktok Ads,Tt_Conversions,Giza,Tablet,New,471.28,67699,1948.0,16.0,25,201131.98,120859.85,2026-04,8045.28,4834.39,80272.13
L10452,2026-01-08,Instagram Ads,Ig_Influencers,Cairo,Smartphone,Returning,922.08,31957,2745.0,435.0,95,1442470.22,881529.79,2026-01,15183.9,9279.26,560940.4299999999
L10453,2026-03-13,Google Ads,G_Shopping,Other,Accessories,New,427.29,30464,1468.0,56.0,11,9460.13,6254.58,2026-03,860.01,568.6,3205.5499999999993
L10454,2026-06-27,Email Marketing,Email_Retention,Mansoura,Laptop,New,192.92,28649,2495.0,62.0,71,2168304.81,1483484.87,2026-06,30539.5,20894.15,684819.94
L10455,2026-04-02,Facebook Ads,Fb_Newcustomers,Giza,Headphones,Returning,453.48,47065,649.0,196.0,4,6509.74,3692.77,2026-04,1627.44,923.19,2816.97
L10456,2026-03-03,Google Ads,G_Search,Cairo,Accessories,New,750.79,39758,2717.0,47.0,105,93971.78,61294.98,2026-03,894.97,583.76,32676.799999999996
L10457,2026-03-25,Facebook Ads,Fb_Retargeting,Cairo,Accessories,New,329.79,10596,1145.0,462.0,91,88931.11,53216.34,2026-03,977.26,584.79,35714.770000000004
L10458,2026-03-03,Google Ads,G_Search,Alexandria,Smartphone,New,602.49,21374,501.0,480.0,116,1604751.95,952806.36,2026-03,13834.07,8213.85,651945.59
L10459,2026-04-21,Facebook Ads,Fb_Retargeting,Mansoura,Smartphone,New,603.23,8775,2963.0,485.0,68,1070871.26,704638.82,2026-04,15748.11,10362.34,366232.44000000006
L10460,2026-05-07,Facebook Ads,Fb_Newcustomers,Cairo,Tablet,New,1435.35,32388,1284.0,235.0,48,400295.96,239151.48,2026-05,8339.5,4982.32,161144.48
L10461,2026-01-07,Facebook Ads,Fb_Newcustomers,Giza,Smartphone,New,404.48,26029,624.0,62.0,25,338193.76,199271.1,2026-01,13527.75,7970.84,138922.66
L10462,2026-03-25,Instagram Ads,Ig_Retargeting,Mansoura,Smartphone,Returning,1361.27,88981,4246.0,408.0,4,43978.92,30221.33,2026-03,10994.73,7555.33,13757.589999999997
L10463,2026-05-12,Instagram Ads,Ig_Influencers,Cairo,Smartphone,New,405.87,58639,3719.0,233.0,21,272468.58,147202.57,2026-05,12974.69,7009.65,125266.01000000001
L10464,2026-05-14,Instagram Ads,Ig_Retargeting,Mansoura,Tablet,Returning,857.34,19645,1303.0,163.0,78,566690.6,371283.51,2026-05,7265.26,4760.04,195407.08999999997
L10465,2026-02-27,Email Marketing,Email_Newoffers,Cairo,Headphones,New,554.02,36105,3252.0,57.0,12,21855.68,12452.17,2026-02,1821.31,1037.68,9403.51
L10466,2026-01-22,Google Ads,G_Search,Cairo,Headphones,New,511.15,18668,847.0,360.0,27,39992.8,20920.22,2026-01,1481.21,774.82,19072.58
L10467,2026-06-03,Facebook Ads,Fb_Newcustomers,Giza,Smartphone,New,279.99,20960,3737.0,156.0,32,381327.74,211008.79,2026-06,11916.49,6594.02,170318.94999999998
L10468,2026-05-07,Tiktok Ads,Fb_Retargeting,Cairo,Tablet,New,854.52,16357,734.0,402.0,106,735514.83,471709.42,2026-05,6938.82,4450.09,263805.41
L10469,2026-01-03,Facebook Ads,Fb_Newcustomers,Alexandria,Headphones,Returning,1055.38,69604,2526.0,73.0,22,31441.03,20808.47,2026-01,1429.14,945.84,10632.559999999998
L10470,2026-05-07,Email Marketing,Email_Promo,Alexandria,Accessories,New,840.37,56796,300.0,358.0,96,78327.34,41060.1,2026-05,815.91,427.71,37267.24
L10471,2026-02-10,Facebook Ads,Fb_Newcustomers,Mansoura,Headphones,New,448.04,20804,3746.0,191.0,106,202261.88,106649.67,2026-02,1908.13,1006.13,95612.21
L10472,2026-04-16,Email Marketing,Email_Promo,Mansoura,Headphones,Returning,538.49,19626,4357.0,134.0,17,31249.48,21890.52,2026-04,1838.2,1287.68,9358.96
L10473,2026-01-14,Facebook Ads,Fb_Retargeting,Giza,Tablet,Returning,591.41,33132,4482.0,188.0,113,967548.08,517310.38,2026-01,8562.37,4577.97,450237.69999999995
L10474,2026-01-12,Email Marketing,Email_Retention,Cairo,Accessories,Returning,891.35,12951,2649.0,48.0,116,113403.28,79250.34,2026-01,977.61,683.19,34152.94
L10475,2026-03-28,Google Ads,G_Search,Cairo,Tablet,New,1123.94,11449,1093.0,269.0,29,208119.03,117719.03,2026-03,7176.52,4059.28,90400.0
L10476,2026-01-12,Email Marketing,Email_Newoffers,Cairo,Smartphone,Returning,568.03,24065,2131.0,391.0,25,384469.16,256826.77,2026-01,15378.77,10273.07,127642.38999999998
L10477,2026-05-21,Facebook Ads,Fb_Summer,Giza,Smart Watch,New,209.49,14130,4065.0,12.0,15,50277.54,29258.85,2026-05,3351.84,1950.59,21018.690000000002
L10478,2026-01-25,Instagram Ads,Ig_Influencers,Other,Headphones,New,207.87,67287,4979.0,73.0,76,118704.23,82113.7,2026-01,1561.9,1080.44,36590.53
L10479,2026-02-14,Email Marketing,Email_Retention,Alexandria,Smart Watch,New,424.85,56702,4390.0,38.0,38,152475.75,100647.87,2026-02,4012.52,2648.63,51827.880000000005
L10480,2026-05-02,Google Ads,G_Brand,Cairo,Tablet,New,1034.33,41993,3099.0,381.0,32,213796.56,128355.48,2026-05,6681.14,4011.11,85441.08
L10481,2026-05-27,Instagram Ads,Ig_Retargeting,Giza,Tablet,New,865.34,36875,3761.0,20.0,25,213678.43,114373.62,2026-05,8547.14,4574.94,99304.81
L10482,2026-02-24,Instagram Ads,Ig_Influencers,Tanta,Tablet,New,916.1,11054,1523.0,106.0,47,353771.68,235802.99,2026-02,7527.06,5017.08,117968.69
L10483,2026-04-10,Google Ads,G_Brand,Mansoura,Smart Watch,Returning,440.52,53517,4276.0,367.0,64,275396.89,177184.01,2026-04,4303.08,2768.5,98212.88
L10484,2026-06-22,Facebook Ads,Ig_Influencers,Other,Tablet,New,515.82,81368,3090.0,451.0,112,878233.04,457192.61,2026-06,7841.37,4082.08,421040.43000000005
L10485,2026-05-16,Instagram Ads,Ig_Products,Cairo,Smartphone,New,1018.91,34670,652.0,212.0,37,436338.71,227718.18,2026-05,11792.94,6154.55,208620.53000000003
L10486,2026-04-29,Email Marketing,Email_Promo,Cairo,Tablet,New,1392.49,54112,1412.0,420.0,1,8560.92,5836.48,2026-04,8560.92,5836.48,2724.4400000000005
L10487,2026-02-22,Facebook Ads,Fb_Retargeting,Other,Laptop,Returning,1029.35,33307,4833.0,490.0,112,2675695.23,1530176.45,2026-02,23890.14,13662.29,1145518.78
L10488,2026-02-01,Facebook Ads,Fb_Retargeting,Mansoura,Smart Watch,New,1029.65,72087,4082.0,30.0,5,19357.46,12528.67,2026-02,3871.49,2505.73,6828.789999999999
L10489,2026-02-20,Email Marketing,Email_Promo,Alexandria,Laptop,New,429.66,52922,3214.0,48.0,45,995780.0,608265.13,2026-02,22128.44,13517.0,387514.87
L10490,2026-02-13,Email Marketing,Email_Retention,Mansoura,Tablet,Returning,897.01,68080,4166.0,232.0,49,402444.51,278767.68,2026-02,8213.15,5689.14,123676.83000000002
L10491,2026-03-23,Google Ads,G_Search,Tanta,Smartphone,Returning,302.33,84335,305.0,111.0,37,527406.44,370973.59,2026-03,14254.23,10026.31,156432.84999999992
L10492,2026-05-26,Instagram Ads,Ig_Influencers,Giza,Headphones,New,1103.16,31312,4280.0,55.0,105,166799.3,119989.0,2026-05,1588.56,1142.75,46810.29999999999
L10493,2026-05-30,Facebook Ads,Fb_Retargeting,Mansoura,Accessories,Returning,778.64,71985,2077.0,75.0,87,89596.56,49344.13,2026-05,1029.85,567.17,40252.43
L10494,2026-02-06,Facebook Ads,Fb_Retargeting,Alexandria,Accessories,Returning,566.2,62608,851.0,100.0,17,17053.74,11811.3,2026-02,1003.16,694.78,5242.440000000002
L10495,2026-04-06,Google Ads,G_Search,Giza,Tablet,Returning,166.49,45277,4604.0,173.0,26,220509.23,126396.83,2026-04,8481.12,4861.42,94112.40000000001
L10496,2026-02-25,Google Ads,G_Shopping,Giza,Smartphone,New,556.73,36551,513.0,468.0,40,579871.37,370052.55,2026-02,14496.78,9251.31,209818.82
L10497,2026-04-15,Instagram Ads,Ig_Retargeting,Tanta,Smart Watch,Returning,652.25,61597,3179.0,120.0,71,249993.17,155284.4,2026-04,3521.03,2187.1,94708.77000000002
L10498,2026-02-28,Facebook Ads,Fb_Newcustomers,Tanta,Laptop,New,686.5,50212,2809.0,347.0,91,2541332.61,1330635.72,2026-02,27926.73,14622.37,1210696.89
L10499,2026-05-11,Email Marketing,Email_Retention,Tanta,Laptop,New,570.4,14637,3487.0,132.0,73,1704703.85,1204465.76,2026-05,23352.11,16499.53,500238.0900000001
L10500,2026-06-05,Email Marketing,Email_Newoffers,Cairo,Laptop,New,489.17,48258,3220.0,202.0,16,364982.91,195508.72,2026-06,22811.43,12219.3,169474.18999999997
L10501,2026-02-04,Instagram Ads,Ig_Products,Mansoura,Smart Watch,New,403.19,40693,945.0,456.0,118,545067.7,358460.38,2026-02,4619.22,3037.8,186607.31999999995
L10502,2026-04-03,Google Ads,G_Shopping,Mansoura,Accessories,New,1391.88,14824,2873.0,108.0,61,56085.84,37970.19,2026-04,919.44,622.46,18115.649999999994
L10503,2026-04-07,Google Ads,G_Brand,Mansoura,Smartphone,Returning,1586.79,31950,2991.0,300.0,28,365743.38,248360.81,2026-04,13062.26,8870.03,117382.57
L10504,2026-05-15,Tiktok Ads,Tt_Reach,Mansoura,Smart Watch,New,730.0,28488,2495.0,168.0,57,203695.31,111441.48,2026-05,3573.6,1955.11,92253.83
L10505,2026-03-17,Instagram Ads,Ig_Retargeting,Tanta,Laptop,New,643.165,5215,330.0,421.0,69,1890538.34,1152309.57,2026-03,27399.11,16700.14,738228.77
L10506,2026-02-18,Facebook Ads,Fb_Summer,Giza,Tablet,New,356.17,16523,3837.0,112.0,77,502235.63,344476.27,2026-02,6522.54,4473.72,157759.36
L10507,2026-04-04,Email Marketing,Email_Retention,Giza,Headphones,New,568.25,80900,4736.0,394.0,21,29602.63,17185.39,2026-04,1409.65,818.35,12417.240000000002
L10508,2026-06-08,Tiktok Ads,Tt_Reach,Cairo,Smart Watch,Returning,1556.31,73689,998.0,290.0,117,374201.02,229590.94,2026-06,3198.3,1962.32,144610.08000000002
L10509,2026-01-24,Email Marketing,Email_Promo,Alexandria,Smart Watch,New,748.03,28834,1253.0,52.0,5,19418.9,11157.3,2026-01,3883.78,2231.46,8261.600000000002
L10510,2026-05-28,Instagram Ads,Ig_Influencers,Mansoura,Smartphone,New,1157.1,39474,3283.0,495.0,25,348076.97,213270.34,2026-05,13923.08,8530.81,134806.62999999998
L10511,2026-02-06,Instagram Ads,Ig_Products,Tanta,Smartphone,New,1146.34,48066,512.0,93.0,38,425299.22,296674.95,2026-02,11192.08,7807.24,128624.26999999996
L10512,2026-01-04,Google Ads,G_Shopping,Cairo,Smart Watch,New,911.47,15400,915.0,460.0,11,46312.2,28297.9,2026-01,4210.2,2572.54,18014.299999999996
L10513,2026-04-18,Email Marketing,Email_Retention,Cairo,Laptop,New,340.4,15345,2326.0,200.0,98,2319972.7,1464325.94,2026-04,23673.19,14942.1,855646.7600000002
L10514,2026-05-06,Tiktok Ads,Tt_Products,Mansoura,Headphones,Returning,1148.5,38896,2342.0,60.0,13,23161.8,13915.5,2026-05,1781.68,1070.42,9246.3
L10515,2026-01-20,Facebook Ads,Fb_Retargeting,Cairo,Smartphone,Returning,317.04,33899,977.0,395.0,21,333020.69,203816.47,2026-01,15858.13,9705.55,129204.22
L10516,2026-06-01,Facebook Ads,Fb_Retargeting,Cairo,Laptop,New,431.13,33229,3712.0,219.0,50,1413439.05,739277.87,2026-06,28268.78,14785.56,674161.18
L10517,2026-02-19,Google Ads,G_Shopping,Cairo,Tablet,Returning,764.0,10583,4647.0,135.0,22,198054.99,114228.04,2026-02,9002.5,5192.18,83826.95
L10518,2026-06-26,Tiktok Ads,Tt_Reach,Cairo,Smartphone,Returning,538.23,9897,3895.0,457.0,47,737294.05,447770.73,2026-06,15687.11,9527.04,289523.32000000007
L10519,2026-06-28,Email Marketing,Email_Promo,Cairo,Laptop,Returning,760.05,76537,326.0,467.0,70,1836123.92,1187530.4,2026-06,26230.34,16964.72,648593.52
L10520,2026-04-06,Facebook Ads,Fb_Retargeting,Alexandria,Laptop,New,306.19,9567,2509.0,78.0,103,2923211.24,1783189.22,2026-04,28380.69,17312.52,1140022.0200000003
L10521,2026-04-15,Instagram Ads,Ig_Influencers,Alexandria,Headphones,New,431.73,79807,1070.0,274.0,49,92450.29,54320.41,2026-04,1886.74,1108.58,38129.87999999999
L10522,2026-06-13,Google Ads,G_Search,Other,Headphones,New,892.7,82239,3390.0,267.0,88,138570.4,82812.41,2026-06,1574.66,941.05,55757.98999999999
L10523,2026-04-27,Email Marketing,Email_Newoffers,Giza,Tablet,Returning,2146.07,18329,1006.0,427.0,12,85831.88,48791.88,2026-04,7152.66,4065.99,37040.00000000001
L10524,2026-04-08,Tiktok Ads,Tt_Conversions,Mansoura,Laptop,Returning,1279.45,76792,3518.0,197.0,84,2588654.94,1824739.91,2026-04,30817.32,21723.09,763915.03
L10525,2026-03-07,Tiktok Ads,Tt_Conversions,Cairo,Accessories,New,249.87,5228,2687.0,239.0,104,99215.58,61945.11,2026-03,954.0,595.63,37270.47
L10526,2026-03-20,Google Ads,G_Search,Cairo,Laptop,New,567.22,87214,1154.0,198.0,9,212096.96,110859.24,2026-03,23566.33,12317.69,101237.71999999999
L10527,2026-06-11,Google Ads,G_Shopping,Mansoura,Headphones,Returning,468.79,42052,4102.0,424.0,116,189419.01,99234.58,2026-06,1632.92,855.47,90184.43000000001
L10528,2026-06-13,Facebook Ads,Fb_Summer,Cairo,Accessories,Returning,649.2,62769,3879.0,19.0,54,52775.29,37712.82,2026-06,977.32,698.39,15062.470000000001
L10529,2026-01-06,Facebook Ads,Fb_Retargeting,Giza,Smartphone,Returning,759.3,51032,4864.0,123.0,8,109210.76,61626.56,2026-01,13651.34,7703.32,47584.2
L10530,2026-02-08,Tiktok Ads,Tt_Conversions,Giza,Smartphone,Returning,484.64,38686,3231.0,85.0,78,1105533.54,753002.84,2026-02,14173.51,9653.88,352530.70000000007
L10531,2026-06-19,Tiktok Ads,Tt_Reach,Giza,Smart Watch,New,1075.13,81981,3518.0,173.0,51,217160.0,115454.21,2026-06,4258.04,2263.81,101705.79
L10532,2026-04-25,Email Marketing,Email_Promo,Cairo,Headphones,New,1169.03,68261,4653.0,94.0,1,1741.87,1226.68,2026-04,1741.87,1226.68,515.1899999999998
L10533,2026-05-05,Email Marketing,Email_Promo,Alexandria,Smart Watch,Returning,1136.98,7809,3571.0,58.0,24,94654.0,65773.49,2026-05,3943.92,2740.56,28880.509999999995
L10534,2026-01-12,Instagram Ads,Ig_Retargeting,Giza,Accessories,New,391.72,46785,786.0,335.0,12,11540.96,7319.49,2026-01,961.75,609.96,4221.469999999999
L10535,2026-05-11,Tiktok Ads,Tt_Conversions,Cairo,Headphones,New,779.1,41547,3144.0,186.0,97,175411.38,91529.61,2026-05,1808.36,943.6,83881.77
L10536,2026-01-18,Email Marketing,Email_Newoffers,Mansoura,Tablet,Returning,1085.22,47818,833.0,396.0,50,412443.52,235737.12,2026-01,8248.87,4714.74,176706.40000000002
L10537,2026-02-09,Tiktok Ads,Tt_Reach,Mansoura,Laptop,New,984.77,76927,667.0,467.0,57,1422942.27,855707.01,2026-02,24963.9,15012.4,567235.26
L10538,2026-01-21,Facebook Ads,Fb_Retargeting,Other,Tablet,Returning,951.54,70681,1414.0,398.0,33,250215.6,153135.16,2026-01,7582.29,4640.46,97080.44
L10539,2026-05-23,Google Ads,G_Shopping,Cairo,Accessories,New,1290.84,84465,1927.0,227.0,34,35195.81,20397.23,2026-05,1035.17,599.92,14798.579999999998
L10540,2026-04-09,Facebook Ads,Fb_Summer,Tanta,Headphones,Returning,513.94,42333,4014.0,198.0,101,143501.12,75566.19,2026-04,1420.8,748.18,67934.93
L10541,2026-01-26,Email Marketing,Email_Newoffers,Giza,Accessories,New,223.9,21576,4006.0,478.0,2,1603.56,1023.11,2026-01,801.78,511.56,580.4499999999999
L10542,2026-01-08,Instagram Ads,Ig_Products,Alexandria,Laptop,New,563.13,44405,3397.0,355.0,105,2760104.29,1724598.54,2026-01,26286.71,16424.75,1035505.75
L10543,2026-04-10,Facebook Ads,Fb_Newcustomers,Cairo,Smartphone,New,580.64,78779,4100.0,239.0,119,1799446.98,1037561.36,2026-04,15121.4,8719.0,761885.62
L10544,2026-03-28,Instagram Ads,Ig_Retargeting,Mansoura,Smartphone,New,1990.17,36601,3235.0,264.0,58,678927.93,358199.11,2026-03,11705.65,6175.85,320728.82000000007
L10545,2026-02-11,Instagram Ads,Ig_Influencers,Cairo,Accessories,Returning,462.48,72946,4382.0,245.0,69,55516.53,39911.88,2026-02,804.59,578.43,15604.650000000001
L10546,2026-06-21,Google Ads,G_Shopping,Alexandria,Smart Watch,Returning,1156.23,72356,2278.0,35.0,118,383113.36,236150.02,2026-06,3246.72,2001.27,146963.34
L10547,2026-01-14,Facebook Ads,Fb_Summer,Cairo,Headphones,New,1797.95,57116,244.0,81.0,47,84354.22,56618.62,2026-01,1794.77,1204.65,27735.6
L10548,2026-03-19,Instagram Ads,Ig_Products,Tanta,Headphones,New,1599.02,67894,2078.0,270.0,63,94504.53,57691.5,2026-03,1500.07,915.74,36813.03
L10549,2026-01-02,Google Ads,G_Search,Tanta,Smartphone,New,643.165,39635,3137.0,263.0,112,1438922.73,760663.56,2026-01,12847.52,6791.64,678259.1699999999
L10550,2026-04-29,Tiktok Ads,Tt_Products,Mansoura,Tablet,New,992.26,12465,2164.0,280.0,18,138510.21,80601.88,2026-04,7695.01,4477.88,57908.32999999999
L10551,2026-02-06,Google Ads,G_Shopping,Alexandria,Laptop,Returning,745.79,61754,4508.0,132.0,66,1997546.53,1166611.18,2026-02,30265.86,17675.93,830935.3500000001
L10552,2026-03-10,Tiktok Ads,Tt_Reach,Cairo,Tablet,Returning,420.33,43871,482.0,153.0,81,615495.32,423258.02,2026-03,7598.71,5225.41,192237.29999999993
L10553,2026-06-15,Instagram Ads,Ig_Products,Giza,Tablet,Returning,1251.74,67874,493.0,266.0,102,694318.53,451894.43,2026-06,6807.04,4430.34,242424.10000000003
L10554,2026-02-10,Instagram Ads,Ig_Retargeting,Giza,Accessories,Returning,888.63,82733,124.0,153.0,72,63852.1,36720.45,2026-02,886.83,510.01,27131.65
L10555,2026-03-03,Email Marketing,Email_Promo,Cairo,Smartphone,New,390.92,34511,4237.0,430.0,115,1812631.36,1293399.47,2026-03,15762.01,11246.95,519231.89000000013
L10556,2026-03-01,Google Ads,G_Shopping,Mansoura,Smartphone,Returning,539.25,85960,2547.0,268.0,75,1046925.35,611727.24,2026-03,13959.0,8156.36,435198.11
L10557,2026-05-05,Facebook Ads,Fb_Retargeting,Other,Smartphone,Returning,607.82,53821,947.0,445.0,4,63462.76,45670.77,2026-05,15865.69,11417.69,17791.990000000005
L10558,2026-04-21,Facebook Ads,Fb_Retargeting,Mansoura,Accessories,Returning,1178.01,70776,98.0,56.0,66,65483.1,47097.59,2026-04,992.17,713.6,18385.510000000002
L10559,2026-01-14,Tiktok Ads,Tt_Conversions,Mansoura,Smart Watch,Returning,332.23,75167,444.0,360.0,10,32028.7,17879.77,2026-01,3202.87,1787.98,14148.93
L10560,2026-03-25,Instagram Ads,Ig_Retargeting,Other,Tablet,New,331.45,80135,3912.0,22.0,93,775037.71,451496.84,2026-03,8333.74,4854.8,323540.86999999994
L10561,2026-05-10,Instagram Ads,Ig_Influencers,Cairo,Accessories,Returning,738.04,49462,659.0,385.0,67,54125.95,33407.01,2026-05,807.85,498.61,20718.939999999995
L10562,2026-03-11,Facebook Ads,Fb_Summer,Giza,Headphones,New,376.85,66382,625.0,217.0,68,115773.99,75579.59,2026-03,1702.56,1111.46,40194.40000000001
L10563,2026-05-25,Facebook Ads,Fb_Newcustomers,Other,Laptop,New,599.43,37574,4230.0,320.0,0,0.0,0.0,2026-05,,,0.0
L10564,2026-05-03,Facebook Ads,Fb_Summer,Cairo,Smart Watch,New,503.85,46910,4953.0,244.0,90,329655.56,235337.25,2026-05,3662.84,2614.86,94318.31
L10565,2026-03-30,Google Ads,G_Brand,Mansoura,Headphones,Returning,173.45,78531,3119.0,158.0,91,175775.26,116855.01,2026-03,1931.6,1284.12,58920.250000000015
L10566,2026-01-28,Instagram Ads,Ig_Retargeting,Giza,Tablet,Returning,450.67,30186,4217.0,331.0,62,433365.34,243728.55,2026-01,6989.76,3931.11,189636.79000000004
L10567,2026-03-07,Google Ads,G_Search,Giza,Smartphone,Returning,589.17,27813,4124.0,447.0,28,428710.91,231940.97,2026-03,15311.1,8283.61,196769.93999999997
L10568,2026-06-12,Google Ads,G_Search,Mansoura,Tablet,Returning,1049.24,83812,4406.0,164.0,81,523714.57,344436.73,2026-06,6465.61,4252.31,179277.84000000003
L10569,2026-01-05,Email Marketing,Email_Newoffers,Other,Accessories,New,1612.71,83282,532.0,175.0,11,8169.88,4507.25,2026-01,742.72,409.75,3662.63
L10570,2026-06-17,Google Ads,G_Brand,Tanta,Laptop,Returning,426.19,23557,4041.0,99.0,76,2272429.15,1539651.12,2026-06,29900.38,20258.57,732778.0299999998
L10571,2026-06-13,Google Ads,G_Search,Cairo,Accessories,New,721.27,33060,1461.0,195.0,40,36886.4,21475.53,2026-06,922.16,536.89,15410.870000000003
L10572,2026-02-14,Tiktok Ads,Tt_Products,Tanta,Smart Watch,New,852.2,63866,1547.0,327.0,1,4248.44,2486.95,2026-02,4248.44,2486.95,1761.4899999999998
L10573,2026-05-31,Google Ads,G_Brand,Cairo,Smart Watch,New,1912.0,77104,2818.0,367.0,36,124482.38,64999.68,2026-05,3457.84,1805.55,59482.700000000004
L10574,2026-02-16,Instagram Ads,Ig_Influencers,Alexandria,Laptop,Returning,490.18,89577,1296.0,183.0,44,1176225.93,776547.01,2026-02,26732.41,17648.8,399678.9199999999
L10575,2026-01-31,Tiktok Ads,Tt_Conversions,Giza,Headphones,Returning,412.41,11080,960.0,226.0,79,143341.4,77784.78,2026-01,1814.45,984.62,65556.62
L10576,2026-05-19,Email Marketing,Email_Retention,Giza,Headphones,New,543.05,18854,3894.0,404.0,47,82024.77,55331.95,2026-05,1745.21,1177.28,26692.820000000007
L10577,2026-01-10,Facebook Ads,Fb_Newcustomers,Alexandria,Smart Watch,New,410.65,72695,3229.0,465.0,23,88398.14,54663.07,2026-01,3843.4,2376.66,33735.07
L10578,2026-04-28,Email Marketing,Email_Newoffers,Other,Smart Watch,Returning,921.68,32025,164.0,273.0,98,446966.45,302531.91,2026-04,4560.88,3087.06,144434.54000000004
L10579,2026-01-14,Google Ads,G_Shopping,Mansoura,Smartphone,New,1066.2,57982,4224.0,106.0,21,300436.47,191313.53,2026-01,14306.5,9110.17,109122.93999999997
L10580,2026-03-21,Facebook Ads,Fb_Retargeting,Giza,Headphones,Returning,751.85,46081,1248.0,126.0,99,190266.42,102075.4,2026-03,1921.88,1031.06,88191.02000000002
L10581,2026-04-03,Google Ads,G_Search,Cairo,Laptop,Returning,725.79,9368,4244.0,208.0,10,286544.61,192881.91,2026-04,28654.46,19288.19,93662.69999999998
L10582,2026-01-10,Email Marketing,Email_Promo,Other,Headphones,New,1264.76,32094,3209.0,329.0,118,213974.36,114253.73,2026-01,1813.34,968.25,99720.62999999999
L10583,2026-03-17,Google Ads,G_Shopping,Other,Smartphone,New,592.06,51040,3725.0,495.0,57,643022.28,395934.76,2026-03,11281.09,6946.22,247087.52000000002
L10584,2026-04-04,Google Ads,G_Brand,Tanta,Accessories,Returning,977.68,71766,2606.0,30.0,45,37440.99,20759.9,2026-04,832.02,461.33,16681.089999999997
L10585,2026-04-15,Instagram Ads,Ig_Influencers,Cairo,Smart Watch,Returning,586.5,88053,2947.0,209.0,28,123530.48,82823.11,2026-04,4411.8,2957.97,40707.369999999995
L10586,2026-01-01,Facebook Ads,Fb_Newcustomers,Cairo,Smart Watch,New,337.82,28991,3596.0,380.0,34,118725.54,83383.11,2026-01,3491.93,2452.44,35342.42999999999
L10587,2026-05-13,Facebook Ads,Fb_Newcustomers,Cairo,Smartphone,Returning,1167.27,6301,3447.0,456.0,111,1272192.34,802531.03,2026-05,11461.19,7230.01,469661.31000000006
L10588,2026-01-20,Facebook Ads,Fb_Summer,Cairo,Laptop,New,775.46,33610,2274.0,350.0,117,2881465.23,1802153.24,2026-01,24627.91,15403.02,1079311.99
L10589,2026-01-08,Facebook Ads,Fb_Retargeting,Alexandria,Smart Watch,New,1114.01,86463,3635.0,457.0,14,48636.61,32722.35,2026-01,3474.04,2337.31,15914.260000000002
L10590,2026-06-20,Facebook Ads,Fb_Newcustomers,Other,Tablet,Returning,820.98,39678,525.0,257.0,59,538536.21,280585.85,2026-06,9127.73,4755.69,257950.36
L10591,2026-01-01,Facebook Ads,Fb_Summer,Giza,Smart Watch,Returning,872.27,29466,3706.0,285.0,94,416035.63,292702.59,2026-01,4425.91,3113.86,123333.03999999998
L10592,2026-02-26,Instagram Ads,Ig_Influencers,Cairo,Tablet,New,417.43,85440,4096.0,273.0,41,322323.86,180336.9,2026-02,7861.56,4398.46,141986.96
L10593,2026-03-05,Facebook Ads,Fb_Retargeting,Alexandria,Smartphone,Returning,860.77,45875,3955.0,67.0,104,1163377.3,833936.51,2026-03,11186.32,8018.62,329440.79000000004
L10594,2026-04-28,Google Ads,G_Search,Cairo,Smartphone,New,1258.62,31081,3417.0,311.0,42,609058.96,406395.07,2026-04,14501.4,9676.07,202663.88999999996
L10595,2026-01-28,Email Marketing,Email_Retention,Cairo,Smart Watch,New,631.68,29354,341.0,40.0,79,321246.8,216793.48,2026-01,4066.42,2744.22,104453.31999999998
L10596,2026-05-01,Google Ads,G_Shopping,Cairo,Headphones,New,476.84,23300,1928.0,258.0,73,143185.81,93248.41,2026-05,1961.45,1277.38,49937.399999999994
L10597,2026-04-17,Instagram Ads,Ig_Products,Cairo,Tablet,Returning,995.87,69384,4105.0,102.0,48,385818.52,237020.91,2026-04,8037.89,4937.94,148797.61000000002
L10598,2026-06-14,Facebook Ads,Fb_Summer,Tanta,Laptop,New,313.02,65892,2346.0,274.0,63,1558023.23,988293.92,2026-06,24730.53,15687.21,569729.3099999999
L10599,2026-06-24,Facebook Ads,Fb_Summer,Other,Smart Watch,New,1339.89,40525,171.0,280.0,31,121301.82,64202.7,2026-06,3912.96,2071.05,57099.12000000001
L10600,2026-06-14,Facebook Ads,Fb_Summer,Alexandria,Laptop,New,582.48,31532,4302.0,103.0,63,1962018.53,1265093.66,2026-06,31143.15,20080.85,696924.8700000001
